{"stats":{"minecraft:used":{"mvw:iron_double_axe":2,"mvw:diamond_crossbow":2,"minecraft:birch_door":1},"minecraft:custom":{"minecraft:open_barrel":4,"minecraft:open_chest":4,"minecraft:time_since_rest":14212,"minecraft:damage_dealt":103,"minecraft:damage_taken":170,"minecraft:leave_game":1,"minecraft:crouch_one_cm":119,"minecraft:play_time":14212,"minecraft:interact_with_loom":1,"minecraft:sprint_one_cm":12815,"minecraft:time_since_death":14212,"minecraft:walk_on_water_one_cm":1063,"minecraft:walk_one_cm":56163,"minecraft:sneak_time":109,"minecraft:total_world_time":14212,"minecraft:climb_one_cm":628,"minecraft:walk_under_water_one_cm":125,"minecraft:fly_one_cm":47685,"minecraft:damage_dealt_resisted":124,"minecraft:jump":36}},"DataVersion":3465}