{"stats":{"minecraft:crafted":{"minecraft:oak_planks":174,"minecraft:cooked_chicken":6,"skilltree:assassin_necklace":1,"minecraft:furnace":3,"minecraft:cooked_mutton":5,"travelersbackpack:white_sleeping_bag":2,"born_in_chaos_v1:fried_maggot":6,"minecraft:stone_pickaxe":1,"alexsmobs:cooked_catfish":3,"skilltree:golden_ring":2,"minecraft:cooked_beef":2,"minecraft:crafting_table":2,"minecraft:smithing_table":1,"minecraft:copper_ingot":6,"minecraft:stone_axe":1,"minecraft:bread":1,"minecraft:air":0,"minecraft:oak_boat":1,"minecraft:white_wool":1,"minecraft:charcoal":9,"minecraft:gold_nugget":27,"minecraft:shield":1,"minecraft:stick":12,"minecraft:iron_ingot":5,"minecraft:iron_pickaxe":1,"minecraft:wooden_axe":1,"minecraft:torch":16,"skilltree:simple_necklace":1},"minecraft:used":{"minecraft:flint_and_steel":1,"minecraft:chest":1,"minecraft:shield":21,"gamma_beasts:green_apple":22,"minecraft:iron_sword":109,"minecraft:cooked_chicken":3,"born_in_chaos_v1:fried_maggot":8,"minecraft:rotten_flesh":2,"minecraft:torch":14,"minecraft:dirt":4,"minecraft:carrot":17,"minecraft:birch_door":1,"minecraft:wooden_axe":8,"born_in_chaos_v1:smoked_flesh":1,"minecraft:cyan_terracotta":48,"mvw:diamond_crossbow":2,"minecraft:golden_carrot":6,"minecraft:furnace":3,"minecraft:golden_axe":32,"minecraft:cooked_mutton":6,"alexsmobs:cooked_catfish":3,"minecraft:stone_pickaxe":131,"minecraft:polished_andesite":2,"minecraft:oak_planks":5,"minecraft:mossy_cobblestone":4,"minecraft:crafting_table":2,"minecraft:apple":1,"minecraft:bread":2,"minecraft:iron_pickaxe":245,"travelersbackpack:white_sleeping_bag":2,"minecraft:green_candle":1,"minecraft:stone_axe":99,"mvw:iron_double_axe":2,"minecraft:diamond_sword":153,"minecraft:cobblestone":209,"travelersbackpack:standard":6,"minecraft:smithing_table":1,"minecraft:birch_log":3,"minecraft:oak_boat":1,"minecraft:smooth_stone":10,"minecraft:experience_bottle":1,"minecraft:cobweb":2},"minecraft:picked_up":{"gamma_beasts:thin_oak_log":11,"minecraft:coarse_dirt":3,"minecraft:chicken":3,"minecraft:diamond_sword":1,"biomesoplenty:orange_autumn_sapling":1,"minecraft:stone_brick_stairs":1,"gravestone:obituary":5,"minecraft:string":7,"minecraft:raw_copper":6,"biomesoplenty:yellow_autumn_sapling":1,"minecraft:smooth_stone_slab":4,"born_in_chaos_v1:black_argillite_brick":2,"minecraft:smooth_stone":12,"minecraft:spruce_slab":2,"minecraft:chest":1,"minecraft:furnace":1,"minecraft:stick":5,"minecraft:raw_iron":3,"minecraft:torch":3,"born_in_chaos_v1:black_argillite_brick_stairs":1,"born_in_chaos_v1:fried_maggot":3,"minecraft:rotten_flesh":8,"minecraft:cyan_terracotta":51,"gamma_beasts:coal_nugget":12,"minecraft:mutton":7,"minecraft:white_wool":5,"minecraft:cobblestone":248,"minecraft:nautilus_shell":1,"minecraft:birch_log":3,"born_in_chaos_v1:corpse_maggot":13,"minecraft:feather":1,"minecraft:golden_carrot":2,"minecraft:potato":6,"minecraft:flint":1,"minecraft:oak_log":58,"gamma_beasts:green_apple":27,"gamma_beasts:oak_leaf":8,"minecraft:cobblestone_stairs":1,"skilltree:gem":15,"minecraft:dirt":5,"minecraft:cooked_mutton":1,"minecraft:bone":27,"minecraft:wheat_seeds":1,"minecraft:green_candle":4,"minecraft:raw_gold":4,"minecraft:stone_pickaxe":1,"minecraft:iron_sword":2,"minecraft:polished_andesite_stairs":6,"minecraft:pumpkin":6,"minecraft:stone_brick_slab":1,"minecraft:spruce_sapling":1,"minecraft:mossy_cobblestone":15,"minecraft:spider_eye":1,"travelersbackpack:white_sleeping_bag":1,"travelersbackpack:standard":3,"alexsmobs:raw_catfish":3,"minecraft:polished_andesite":10,"born_in_chaos_v1:fire_dust":3,"minecraft:emerald":2,"minecraft:bread":1,"born_in_chaos_v1:rotten_fish":1,"minecraft:black_wool":1,"minecraft:coal":37},"minecraft:killed":{"minecraft:spider":2,"born_in_chaos_v1:maggot":17,"minecraft:skeleton":25,"minecraft:chicken":3,"born_in_chaos_v1:corpse_fish":3,"born_in_chaos_v1:firelight_not_despawn":2,"minecraft:creeper":1,"born_in_chaos_v1:decrepit_skeleton":1,"minecraft:sheep":4,"alexsmobs:catfish":1,"minecraft:zombie":69,"born_in_chaos_v1:corpse_fly":2},"minecraft:broken":{"minecraft:golden_axe":1,"minecraft:iron_pickaxe":1},"minecraft:custom":{"minecraft:interact_with_smithing_table":12,"minecraft:mob_kills":131,"minecraft:interact_with_crafting_table":31,"minecraft:open_barrel":23,"minecraft:damage_dealt_resisted":482,"minecraft:leave_game":5,"minecraft:time_since_death":41525,"minecraft:climb_one_cm":1058,"minecraft:sprint_one_cm":350813,"minecraft:walk_one_cm":506851,"minecraft:damage_blocked_by_shield":1020,"minecraft:drop":111,"minecraft:play_time":176684,"minecraft:deaths":7,"minecraft:sneak_time":12398,"minecraft:walk_under_water_one_cm":15961,"minecraft:boat_one_cm":63753,"minecraft:jump":1094,"minecraft:walk_on_water_one_cm":27021,"minecraft:total_world_time":176684,"minecraft:interact_with_furnace":39,"minecraft:interact_with_loom":1,"minecraft:sleep_in_bed":2,"minecraft:time_since_rest":41578,"minecraft:damage_taken":4052,"minecraft:damage_dealt":18892,"minecraft:swim_one_cm":144933,"minecraft:fly_one_cm":216946,"minecraft:open_chest":45,"minecraft:crouch_one_cm":28859,"minecraft:fall_one_cm":20191},"minecraft:dropped":{"minecraft:iron_ingot":1,"minecraft:iron_sword":1,"minecraft:wheat_seeds":1,"minecraft:cooked_beef":2,"born_in_chaos_v1:fried_maggot":1,"minecraft:cobblestone":1,"travelersbackpack:standard":2,"minecraft:flint":1,"minecraft:emerald":1,"minecraft:dirt":1,"minecraft:golden_carrot":4,"skilltree:gem":4,"gravestone:obituary":11,"born_in_chaos_v1:black_argillite_brick":1,"minecraft:cooked_chicken":3,"minecraft:rotten_flesh":6,"born_in_chaos_v1:smoked_flesh":2,"minecraft:oak_planks":59,"biomesoplenty:orange_autumn_sapling":1,"gamma_beasts:green_apple":5,"minecraft:potato":6,"travelersbackpack:white_sleeping_bag":1,"minecraft:golden_sword":1,"skilltree:golden_ring":1,"skilltree:simple_necklace":1},"minecraft:mined":{"gamma_beasts:roble_hoja_1":8,"minecraft:mossy_cobblestone":9,"gamma_beasts:roblo_hoja":10,"gravestone:gravestone":7,"minecraft:grass_block":3,"travelersbackpack:white_sleeping_bag":1,"biomesoplenty:tundra_shrub":1,"minecraft:spawner":8,"minecraft:large_fern":5,"minecraft:smooth_stone":8,"minecraft:iron_ore":3,"minecraft:fire":2,"minecraft:pumpkin":6,"minecraft:stone":99,"minecraft:spruce_slab":1,"minecraft:cyan_terracotta":53,"minecraft:stone_brick_slab":3,"minecraft:polished_andesite_stairs":3,"minecraft:tall_grass":3,"minecraft:copper_ore":3,"minecraft:cobblestone":116,"minecraft:wall_torch":1,"minecraft:coarse_dirt":2,"minecraft:birch_log":3,"minecraft:stone_brick_stairs":2,"minecraft:smooth_stone_slab":5,"gamma_beasts:thin_oak_log":11,"minecraft:grass":13,"minecraft:oak_log":58,"minecraft:coal_ore":37,"minecraft:dirt":2,"minecraft:cobweb":9,"minecraft:polished_andesite":6,"minecraft:gold_ore":4,"minecraft:oak_leaves":2}},"DataVersion":3465}