{"stats":{"minecraft:crafted":{"minecraft:oak_planks":174,"minecraft:cooked_chicken":6,"skilltree:assassin_necklace":1,"minecraft:furnace":2,"minecraft:cooked_mutton":5,"travelersbackpack:white_sleeping_bag":2,"minecraft:stone_pickaxe":1,"skilltree:golden_ring":2,"minecraft:cooked_beef":2,"minecraft:crafting_table":2,"minecraft:smithing_table":1,"minecraft:copper_ingot":6,"minecraft:stone_axe":1,"minecraft:air":0,"minecraft:oak_boat":1,"minecraft:white_wool":1,"minecraft:gold_nugget":27,"minecraft:charcoal":9,"minecraft:shield":1,"minecraft:stick":12,"minecraft:iron_ingot":5,"minecraft:iron_pickaxe":1,"minecraft:wooden_axe":1,"minecraft:torch":16,"skilltree:simple_necklace":1},"minecraft:used":{"minecraft:shield":12,"gamma_beasts:green_apple":22,"minecraft:iron_sword":109,"minecraft:cooked_chicken":3,"minecraft:torch":9,"minecraft:dirt":4,"minecraft:birch_door":1,"minecraft:wooden_axe":8,"born_in_chaos_v1:smoked_flesh":1,"minecraft:cyan_terracotta":46,"mvw:diamond_crossbow":2,"minecraft:golden_carrot":4,"minecraft:furnace":2,"minecraft:golden_axe":32,"minecraft:cooked_mutton":5,"minecraft:polished_andesite":1,"minecraft:stone_pickaxe":120,"minecraft:oak_planks":5,"minecraft:mossy_cobblestone":4,"minecraft:crafting_table":2,"minecraft:apple":1,"minecraft:iron_pickaxe":159,"travelersbackpack:white_sleeping_bag":2,"minecraft:stone_axe":99,"minecraft:diamond_sword":79,"mvw:iron_double_axe":2,"minecraft:cobblestone":128,"travelersbackpack:standard":4,"minecraft:smithing_table":1,"minecraft:birch_log":3,"minecraft:oak_boat":1,"minecraft:smooth_stone":9},"minecraft:picked_up":{"gamma_beasts:thin_oak_log":11,"minecraft:chicken":3,"minecraft:diamond_sword":1,"biomesoplenty:orange_autumn_sapling":1,"gravestone:obituary":5,"minecraft:string":6,"minecraft:raw_copper":6,"biomesoplenty:yellow_autumn_sapling":1,"minecraft:smooth_stone_slab":4,"born_in_chaos_v1:black_argillite_brick":2,"minecraft:smooth_stone":10,"minecraft:spruce_slab":2,"minecraft:furnace":1,"minecraft:stick":5,"minecraft:raw_iron":3,"minecraft:torch":1,"born_in_chaos_v1:black_argillite_brick_stairs":1,"minecraft:rotten_flesh":8,"minecraft:cyan_terracotta":48,"gamma_beasts:coal_nugget":12,"minecraft:mutton":7,"minecraft:white_wool":5,"minecraft:cobblestone":163,"minecraft:nautilus_shell":1,"minecraft:birch_log":3,"born_in_chaos_v1:corpse_maggot":5,"minecraft:feather":1,"minecraft:potato":6,"minecraft:flint":1,"gamma_beasts:green_apple":27,"minecraft:oak_log":58,"gamma_beasts:oak_leaf":8,"skilltree:gem":11,"minecraft:dirt":5,"minecraft:bone":21,"minecraft:wheat_seeds":1,"minecraft:green_candle":3,"minecraft:iron_sword":2,"minecraft:polished_andesite_stairs":6,"minecraft:pumpkin":6,"minecraft:spruce_sapling":1,"minecraft:mossy_cobblestone":7,"minecraft:spider_eye":1,"travelersbackpack:white_sleeping_bag":1,"travelersbackpack:standard":3,"alexsmobs:raw_catfish":3,"minecraft:polished_andesite":7,"born_in_chaos_v1:fire_dust":3,"minecraft:emerald":2,"born_in_chaos_v1:rotten_fish":1,"minecraft:black_wool":1,"minecraft:coal":37},"minecraft:killed":{"minecraft:spider":2,"born_in_chaos_v1:maggot":11,"minecraft:skeleton":23,"minecraft:chicken":3,"born_in_chaos_v1:corpse_fish":3,"born_in_chaos_v1:firelight_not_despawn":2,"minecraft:creeper":1,"born_in_chaos_v1:decrepit_skeleton":1,"minecraft:sheep":4,"alexsmobs:catfish":1,"minecraft:zombie":40},"minecraft:broken":{"minecraft:golden_axe":1},"minecraft:custom":{"minecraft:interact_with_smithing_table":4,"minecraft:mob_kills":92,"minecraft:interact_with_crafting_table":25,"minecraft:open_barrel":21,"minecraft:damage_dealt_resisted":254,"minecraft:leave_game":4,"minecraft:time_since_death":1198,"minecraft:climb_one_cm":628,"minecraft:sprint_one_cm":248104,"minecraft:walk_one_cm":376997,"minecraft:damage_blocked_by_shield":540,"minecraft:drop":110,"minecraft:play_time":136357,"minecraft:deaths":7,"minecraft:sneak_time":8727,"minecraft:walk_under_water_one_cm":15714,"minecraft:boat_one_cm":63753,"minecraft:jump":932,"minecraft:walk_on_water_one_cm":24105,"minecraft:total_world_time":136357,"minecraft:interact_with_furnace":25,"minecraft:interact_with_loom":1,"minecraft:sleep_in_bed":2,"minecraft:time_since_rest":1251,"minecraft:damage_taken":3226,"minecraft:damage_dealt":14972,"minecraft:swim_one_cm":124414,"minecraft:fly_one_cm":211088,"minecraft:open_chest":28,"minecraft:crouch_one_cm":21255,"minecraft:fall_one_cm":17588},"minecraft:dropped":{"minecraft:iron_ingot":1,"minecraft:iron_sword":1,"minecraft:wheat_seeds":1,"minecraft:cooked_beef":2,"minecraft:cobblestone":1,"travelersbackpack:standard":2,"minecraft:flint":1,"minecraft:emerald":1,"minecraft:dirt":1,"minecraft:golden_carrot":4,"skilltree:gem":4,"gravestone:obituary":11,"born_in_chaos_v1:black_argillite_brick":1,"minecraft:cooked_chicken":3,"minecraft:rotten_flesh":6,"born_in_chaos_v1:smoked_flesh":2,"minecraft:oak_planks":59,"biomesoplenty:orange_autumn_sapling":1,"gamma_beasts:green_apple":5,"minecraft:potato":6,"travelersbackpack:white_sleeping_bag":1,"minecraft:golden_sword":1,"skilltree:golden_ring":1,"skilltree:simple_necklace":1},"minecraft:mined":{"gamma_beasts:roble_hoja_1":8,"minecraft:mossy_cobblestone":6,"gamma_beasts:roblo_hoja":10,"gravestone:gravestone":6,"minecraft:grass_block":3,"travelersbackpack:white_sleeping_bag":1,"biomesoplenty:tundra_shrub":1,"minecraft:spawner":6,"minecraft:large_fern":5,"minecraft:smooth_stone":7,"minecraft:iron_ore":3,"minecraft:fire":1,"minecraft:pumpkin":6,"minecraft:stone":59,"minecraft:spruce_slab":1,"minecraft:cyan_terracotta":51,"minecraft:polished_andesite_stairs":3,"minecraft:tall_grass":3,"minecraft:copper_ore":3,"minecraft:cobblestone":79,"minecraft:birch_log":3,"minecraft:smooth_stone_slab":5,"gamma_beasts:thin_oak_log":11,"minecraft:grass":13,"minecraft:oak_log":58,"minecraft:coal_ore":37,"minecraft:dirt":2,"minecraft:cobweb":7,"minecraft:polished_andesite":3,"minecraft:oak_leaves":2}},"DataVersion":3465}