{"stats":{"minecraft:crafted":{"minecraft:cooked_beef":2,"minecraft:oak_planks":152,"minecraft:crafting_table":1,"minecraft:furnace":1,"minecraft:copper_ingot":6,"minecraft:stone_axe":1,"minecraft:air":0,"minecraft:charcoal":9,"minecraft:stick":8,"minecraft:iron_pickaxe":1,"minecraft:iron_ingot":5,"minecraft:stone_pickaxe":1,"minecraft:wooden_axe":1},"minecraft:used":{"minecraft:stone_pickaxe":118,"minecraft:oak_planks":5,"gamma_beasts:green_apple":5,"minecraft:mossy_cobblestone":2,"minecraft:dirt":4,"minecraft:crafting_table":1,"minecraft:birch_door":1,"minecraft:wooden_axe":7,"minecraft:iron_pickaxe":1,"mvw:diamond_crossbow":2,"minecraft:stone_axe":83,"minecraft:golden_carrot":4,"mvw:iron_double_axe":2,"minecraft:cobblestone":8,"minecraft:furnace":1,"minecraft:birch_log":3,"minecraft:golden_axe":32},"minecraft:picked_up":{"minecraft:birch_log":3,"gamma_beasts:thin_oak_log":11,"minecraft:feather":1,"minecraft:chicken":3,"biomesoplenty:orange_autumn_sapling":1,"minecraft:flint":1,"minecraft:oak_log":58,"gamma_beasts:green_apple":27,"gamma_beasts:oak_leaf":8,"skilltree:gem":9,"minecraft:dirt":5,"minecraft:raw_copper":6,"biomesoplenty:yellow_autumn_sapling":1,"minecraft:furnace":1,"minecraft:stick":5,"minecraft:raw_iron":3,"minecraft:pumpkin":6,"minecraft:spruce_sapling":1,"minecraft:mossy_cobblestone":2,"alexsmobs:raw_catfish":3,"minecraft:rotten_flesh":2,"born_in_chaos_v1:fire_dust":3,"gamma_beasts:coal_nugget":12,"minecraft:black_wool":1,"minecraft:mutton":6,"minecraft:coal":37,"minecraft:white_wool":2,"minecraft:cobblestone":83},"minecraft:killed":{"minecraft:sheep":3,"alexsmobs:catfish":1,"minecraft:chicken":3,"born_in_chaos_v1:firelight_not_despawn":2},"minecraft:broken":{"minecraft:golden_axe":1},"minecraft:custom":{"minecraft:interact_with_furnace":16,"minecraft:mob_kills":9,"minecraft:interact_with_crafting_table":7,"minecraft:open_barrel":4,"minecraft:interact_with_loom":1,"minecraft:damage_dealt_resisted":124,"minecraft:leave_game":2,"minecraft:time_since_death":50499,"minecraft:climb_one_cm":628,"minecraft:time_since_rest":50499,"minecraft:sprint_one_cm":130649,"minecraft:damage_taken":409,"minecraft:walk_one_cm":174846,"minecraft:drop":75,"minecraft:damage_dealt":974,"minecraft:swim_one_cm":9230,"minecraft:fly_one_cm":149769,"minecraft:open_chest":8,"minecraft:crouch_one_cm":119,"minecraft:play_time":50499,"minecraft:sneak_time":150,"minecraft:walk_under_water_one_cm":8441,"minecraft:jump":421,"minecraft:walk_on_water_one_cm":7613,"minecraft:total_world_time":50499,"minecraft:fall_one_cm":6676},"minecraft:dropped":{"minecraft:cooked_beef":2,"minecraft:rotten_flesh":2,"minecraft:oak_planks":59,"gamma_beasts:green_apple":5,"minecraft:flint":1,"minecraft:dirt":1,"minecraft:golden_carrot":4,"minecraft:golden_sword":1},"minecraft:mined":{"gamma_beasts:roble_hoja_1":8,"minecraft:mossy_cobblestone":2,"gamma_beasts:roblo_hoja":10,"minecraft:grass_block":3,"minecraft:tall_grass":3,"minecraft:copper_ore":3,"minecraft:cobblestone":4,"minecraft:large_fern":5,"minecraft:birch_log":3,"minecraft:iron_ore":3,"minecraft:fire":1,"minecraft:pumpkin":6,"gamma_beasts:thin_oak_log":11,"minecraft:grass":3,"minecraft:oak_log":58,"minecraft:coal_ore":37,"minecraft:dirt":2,"minecraft:stone":59,"minecraft:oak_leaves":2}},"DataVersion":3465}