{"stats":{"minecraft:used":{"minecraft:flint_and_steel":1,"minecraft:chest":2,"minecraft:shield":93,"gamma_beasts:green_apple":22,"minecraft:iron_sword":109,"minecraft:cooked_chicken":4,"born_in_chaos_v1:fried_maggot":8,"minecraft:rotten_flesh":2,"minecraft:torch":18,"minecraft:dirt":5,"minecraft:carrot":19,"minecraft:birch_door":1,"minecraft:wooden_axe":8,"born_in_chaos_v1:smoked_flesh":1,"minecraft:cyan_terracotta":49,"minecraft:iron_axe":26,"mvw:diamond_crossbow":2,"minecraft:golden_carrot":6,"minecraft:furnace":5,"minecraft:potato":12,"minecraft:cherry_log":2,"minecraft:golden_axe":32,"minecraft:cooked_mutton":12,"alexsmobs:cooked_catfish":3,"minecraft:stone_pickaxe":156,"minecraft:polished_andesite":2,"minecraft:oak_planks":6,"minecraft:mossy_cobblestone":4,"minecraft:crafting_table":5,"gamma_beasts:prehnite_armor_helmet":1,"minecraft:white_bed":1,"biomesoplenty:umbran_planks":40,"gamma_beasts:prehnite_armor_chestplate":1,"minecraft:apple":1,"minecraft:bread":6,"minecraft:iron_pickaxe":315,"travelersbackpack:white_sleeping_bag":2,"alexsmobs:cooked_moose_ribs":2,"minecraft:stone_axe":99,"minecraft:green_candle":1,"mvw:iron_double_axe":2,"minecraft:diamond_sword":196,"minecraft:cobblestone":250,"travelersbackpack:standard":12,"minecraft:dark_oak_fence":1,"minecraft:cooked_porkchop":5,"minecraft:smithing_table":1,"minecraft:birch_log":3,"born_in_chaos_v1:wood_splitter_axe":134,"minecraft:oak_boat":1,"minecraft:coarse_dirt":1,"minecraft:cobweb":2,"minecraft:smooth_stone":10,"minecraft:experience_bottle":3},"minecraft:dropped":{"biomesoplenty:umbran_planks":1,"minecraft:iron_ingot":1,"minecraft:bread":3,"minecraft:iron_sword":1,"minecraft:wheat_seeds":1,"minecraft:cooked_beef":2,"minecraft:cherry_log":2,"born_in_chaos_v1:fried_maggot":1,"minecraft:mossy_cobblestone":6,"minecraft:crossbow":1,"minecraft:cobblestone":1,"minecraft:saddle":2,"travelersbackpack:standard":2,"minecraft:flint":1,"minecraft:cobblestone_stairs":1,"minecraft:polished_andesite":1,"minecraft:emerald":1,"minecraft:cyan_terracotta":1,"minecraft:dirt":3,"minecraft:golden_carrot":4,"minecraft:torch":1,"skilltree:gem":6,"gravestone:obituary":22,"alexsmobs:cooked_moose_ribs":1,"minecraft:wither_rose":2,"born_in_chaos_v1:black_argillite_brick":1,"minecraft:iron_axe":1,"minecraft:smooth_stone":1,"minecraft:string":1,"minecraft:white_wool":1,"alexsmobs:maggot":2,"minecraft:cooked_chicken":3,"minecraft:wheat":1,"born_in_chaos_v1:rotten_fish":1,"minecraft:rotten_flesh":6,"born_in_chaos_v1:smoked_flesh":2,"minecraft:oak_planks":59,"biomesoplenty:orange_autumn_sapling":1,"gamma_beasts:green_apple":5,"minecraft:potato":10,"minecraft:mangrove_log":1,"travelersbackpack:white_sleeping_bag":1,"born_in_chaos_v1:corpse_maggot":3,"minecraft:golden_sword":1,"skilltree:golden_ring":2,"skilltree:simple_necklace":1},"minecraft:killed":{"born_in_chaos_v1:restless_spirit":1,"minecraft:spider":2,"alexsmobs:shoebill":1,"born_in_chaos_v1:maggot":22,"minecraft:skeleton":29,"minecraft:chicken":3,"born_in_chaos_v1:skeleton_thrasher":1,"born_in_chaos_v1:corpse_fish":3,"born_in_chaos_v1:firelight_not_despawn":5,"born_in_chaos_v1:fallen_chaos_knight":1,"born_in_chaos_v1:baby_skeleton":1,"minecraft:frog":2,"minecraft:creeper":2,"born_in_chaos_v1:decrepit_skeleton":4,"minecraft:sheep":7,"alexsmobs:catfish":1,"minecraft:pillager":18,"minecraft:zombie":74,"alexsmobs:moose":1,"born_in_chaos_v1:corpse_fly":4,"alexsmobs:fly":2,"born_in_chaos_v1:siamese_skeletonsleft":1},"minecraft:custom":{"minecraft:interact_with_smithing_table":12,"minecraft:mob_kills":190,"minecraft:interact_with_crafting_table":41,"minecraft:open_barrel":23,"minecraft:damage_dealt_resisted":539,"minecraft:leave_game":7,"minecraft:time_since_death":10583,"minecraft:climb_one_cm":24198,"minecraft:sprint_one_cm":695712,"minecraft:walk_one_cm":807796,"minecraft:damage_blocked_by_shield":5041,"minecraft:drop":157,"minecraft:play_time":284485,"minecraft:deaths":17,"minecraft:sneak_time":13841,"minecraft:walk_under_water_one_cm":17555,"minecraft:boat_one_cm":129168,"minecraft:jump":2259,"minecraft:walk_on_water_one_cm":33363,"minecraft:total_world_time":284485,"minecraft:interact_with_furnace":54,"minecraft:interact_with_loom":1,"minecraft:sleep_in_bed":2,"minecraft:time_since_rest":10612,"minecraft:damage_taken":7856,"minecraft:damage_dealt":28508,"minecraft:crouch_one_cm":33191,"minecraft:swim_one_cm":210881,"minecraft:fly_one_cm":388208,"minecraft:open_chest":55,"minecraft:fall_one_cm":47792},"minecraft:broken":{"minecraft:shield":1,"minecraft:golden_axe":1,"minecraft:iron_pickaxe":1},"minecraft:killed_by":{"born_in_chaos_v1:dread_hound":1},"minecraft:mined":{"gamma_beasts:roble_hoja_1":8,"minecraft:mossy_cobblestone":9,"gamma_beasts:roblo_hoja":10,"minecraft:dark_oak_fence":4,"minecraft:carved_pumpkin":1,"biomesoplenty:dead_leaves":1,"gravestone:gravestone":17,"minecraft:grass_block":5,"travelersbackpack:white_sleeping_bag":1,"minecraft:spawner":8,"biomesoplenty:tundra_shrub":3,"minecraft:hay_block":2,"minecraft:large_fern":5,"minecraft:smooth_stone":8,"minecraft:furnace":1,"minecraft:iron_ore":14,"minecraft:fire":5,"gamma_beasts:prehnite_ore":13,"minecraft:pumpkin":7,"minecraft:stone":137,"minecraft:spruce_slab":1,"minecraft:smithing_table":1,"minecraft:cyan_terracotta":53,"minecraft:stone_brick_slab":3,"minecraft:polished_andesite_stairs":3,"minecraft:copper_ore":3,"minecraft:tall_grass":3,"minecraft:cobblestone":118,"minecraft:lapis_ore":6,"minecraft:wall_torch":1,"minecraft:coarse_dirt":3,"minecraft:birch_log":3,"biomesoplenty:umbran_log":18,"minecraft:stone_brick_stairs":2,"minecraft:wither_rose":1,"minecraft:smooth_stone_slab":5,"gamma_beasts:thin_oak_log":11,"minecraft:grass":19,"biomesoplenty:dead_log":15,"minecraft:oak_log":58,"minecraft:coal_ore":57,"minecraft:dirt":3,"minecraft:cobweb":9,"minecraft:polished_andesite":6,"minecraft:gold_ore":4,"minecraft:oak_leaves":2,"minecraft:fern":7},"minecraft:crafted":{"minecraft:oak_planks":174,"minecraft:cooked_chicken":6,"skilltree:assassin_necklace":1,"minecraft:furnace":4,"minecraft:cooked_mutton":7,"travelersbackpack:white_sleeping_bag":2,"born_in_chaos_v1:fried_maggot":6,"minecraft:stone_pickaxe":1,"minecraft:chest":1,"gamma_beasts:prehnite_armor_helmet":1,"alexsmobs:cooked_catfish":3,"skilltree:golden_ring":2,"minecraft:wheat":18,"minecraft:cooked_beef":2,"biomesoplenty:umbran_planks":64,"biomesoplenty:dead_planks":52,"minecraft:crafting_table":5,"minecraft:smithing_table":1,"minecraft:copper_ingot":6,"minecraft:bone":6,"minecraft:stone_axe":1,"minecraft:air":0,"minecraft:bread":7,"minecraft:oak_boat":1,"minecraft:white_wool":2,"minecraft:charcoal":9,"minecraft:gold_nugget":27,"minecraft:shield":2,"gamma_beasts:prehnite_armor_leggings":1,"minecraft:stick":12,"minecraft:iron_ingot":9,"minecraft:iron_pickaxe":2,"minecraft:wooden_axe":1,"minecraft:gold_ingot":7,"minecraft:white_bed":1,"minecraft:torch":16,"skilltree:simple_necklace":1},"minecraft:picked_up":{"gamma_beasts:thin_oak_log":11,"minecraft:coarse_dirt":4,"gamma_beasts:prehnite_armor_chestplate":1,"minecraft:chicken":3,"born_in_chaos_v1:seedof_chaos":1,"minecraft:smithing_table":1,"minecraft:diamond_sword":1,"biomesoplenty:orange_autumn_sapling":1,"minecraft:wither_rose":2,"minecraft:stone_brick_stairs":1,"gravestone:obituary":8,"minecraft:string":8,"minecraft:raw_copper":6,"minecraft:iron_axe":1,"biomesoplenty:yellow_autumn_sapling":1,"minecraft:smooth_stone_slab":4,"skilltree:assassin_necklace":4,"born_in_chaos_v1:black_argillite_brick":2,"skilltree:golden_ring":5,"minecraft:smooth_stone":13,"alexsmobs:cooked_moose_ribs":3,"born_in_chaos_v1:gnawed_bones":1,"minecraft:spruce_slab":2,"minecraft:chest":1,"minecraft:mangrove_log":1,"minecraft:furnace":2,"minecraft:stick":8,"minecraft:raw_iron":14,"born_in_chaos_v1:shattered_skull":2,"minecraft:torch":3,"biomesoplenty:umbran_planks":1,"minecraft:cherry_log":4,"born_in_chaos_v1:pieceofdarkmetal":6,"born_in_chaos_v1:black_argillite_brick_stairs":1,"born_in_chaos_v1:fried_maggot":3,"minecraft:rotten_flesh":13,"born_in_chaos_v1:wood_splitter_axe":1,"minecraft:hay_block":2,"minecraft:cyan_terracotta":52,"gamma_beasts:coal_nugget":21,"minecraft:mutton":9,"minecraft:white_wool":9,"minecraft:cobblestone":289,"minecraft:nautilus_shell":1,"minecraft:birch_log":3,"born_in_chaos_v1:corpse_maggot":16,"minecraft:feather":6,"minecraft:golden_carrot":2,"gamma_beasts:prehnite":13,"minecraft:potato":8,"biomesoplenty:dead_log":13,"minecraft:flint":1,"minecraft:oak_log":58,"gamma_beasts:green_apple":27,"gamma_beasts:oak_leaf":8,"minecraft:cobblestone_stairs":1,"skilltree:gem":21,"minecraft:lapis_lazuli":43,"minecraft:dirt":8,"minecraft:white_banner":1,"minecraft:name_tag":1,"gamma_beasts:prehnite_armor_helmet":1,"minecraft:cooked_mutton":5,"minecraft:bone":39,"minecraft:wheat_seeds":1,"minecraft:green_candle":4,"minecraft:raw_gold":4,"minecraft:stone_pickaxe":1,"minecraft:cooked_chicken":1,"minecraft:iron_sword":2,"biomesoplenty:umbran_log":16,"minecraft:polished_andesite_stairs":6,"minecraft:cooked_porkchop":6,"minecraft:pumpkin":6,"minecraft:stone_brick_slab":1,"born_in_chaos_v1:ethereal_spirit":2,"minecraft:spruce_sapling":1,"minecraft:spider_eye":1,"minecraft:mossy_cobblestone":21,"travelersbackpack:white_sleeping_bag":1,"minecraft:polished_andesite":10,"travelersbackpack:standard":5,"alexsmobs:raw_catfish":3,"born_in_chaos_v1:fire_dust":6,"minecraft:crossbow":2,"minecraft:bread":2,"minecraft:emerald":2,"minecraft:dark_oak_fence":1,"alexsmobs:maggot":2,"born_in_chaos_v1:rotten_fish":2,"minecraft:black_wool":1,"minecraft:coal":56}},"DataVersion":3465}