{"stats":{"minecraft:crafted":{"minecraft:cooked_beef":2,"minecraft:oak_planks":174,"minecraft:crafting_table":2,"minecraft:furnace":2,"minecraft:copper_ingot":6,"minecraft:stone_axe":1,"minecraft:cooked_mutton":5,"minecraft:air":0,"minecraft:oak_boat":1,"travelersbackpack:white_sleeping_bag":1,"minecraft:white_wool":1,"minecraft:charcoal":9,"minecraft:shield":1,"minecraft:stick":8,"minecraft:iron_ingot":5,"minecraft:stone_pickaxe":1,"minecraft:iron_pickaxe":1,"minecraft:wooden_axe":1},"minecraft:used":{"minecraft:cooked_mutton":3,"minecraft:stone_pickaxe":120,"minecraft:oak_planks":5,"minecraft:shield":2,"gamma_beasts:green_apple":22,"minecraft:iron_sword":48,"minecraft:mossy_cobblestone":2,"minecraft:dirt":4,"minecraft:crafting_table":2,"minecraft:birch_door":1,"minecraft:wooden_axe":8,"minecraft:iron_pickaxe":9,"travelersbackpack:white_sleeping_bag":1,"mvw:diamond_crossbow":2,"minecraft:golden_carrot":4,"minecraft:stone_axe":98,"minecraft:cobblestone":32,"mvw:iron_double_axe":2,"minecraft:furnace":2,"minecraft:birch_log":3,"minecraft:oak_boat":1,"minecraft:golden_axe":32},"minecraft:picked_up":{"minecraft:birch_log":3,"gamma_beasts:thin_oak_log":11,"born_in_chaos_v1:corpse_maggot":1,"minecraft:feather":1,"minecraft:chicken":3,"minecraft:potato":6,"biomesoplenty:orange_autumn_sapling":1,"minecraft:flint":1,"gamma_beasts:green_apple":27,"minecraft:oak_log":58,"gamma_beasts:oak_leaf":8,"skilltree:gem":9,"minecraft:dirt":5,"minecraft:string":6,"minecraft:raw_copper":6,"biomesoplenty:yellow_autumn_sapling":1,"minecraft:bone":1,"born_in_chaos_v1:black_argillite_brick":2,"minecraft:wheat_seeds":1,"minecraft:smooth_stone":1,"minecraft:spruce_slab":2,"minecraft:furnace":1,"minecraft:stick":5,"minecraft:raw_iron":3,"minecraft:pumpkin":6,"minecraft:spruce_sapling":1,"born_in_chaos_v1:black_argillite_brick_stairs":1,"minecraft:spider_eye":1,"minecraft:mossy_cobblestone":2,"travelersbackpack:white_sleeping_bag":1,"alexsmobs:raw_catfish":3,"minecraft:rotten_flesh":4,"born_in_chaos_v1:fire_dust":3,"gamma_beasts:coal_nugget":12,"minecraft:mutton":7,"minecraft:black_wool":1,"minecraft:coal":37,"minecraft:white_wool":5,"minecraft:cobblestone":86},"minecraft:killed":{"minecraft:spider":2,"minecraft:creeper":1,"born_in_chaos_v1:decrepit_skeleton":1,"born_in_chaos_v1:maggot":3,"minecraft:skeleton":1,"minecraft:sheep":4,"alexsmobs:catfish":1,"minecraft:zombie":11,"minecraft:chicken":3,"born_in_chaos_v1:corpse_fish":1,"born_in_chaos_v1:firelight_not_despawn":2},"minecraft:broken":{"minecraft:golden_axe":1},"minecraft:custom":{"minecraft:interact_with_furnace":22,"minecraft:mob_kills":30,"minecraft:interact_with_crafting_table":18,"minecraft:open_barrel":21,"minecraft:interact_with_loom":1,"minecraft:damage_dealt_resisted":164,"minecraft:leave_game":4,"minecraft:time_since_death":1261,"minecraft:climb_one_cm":628,"minecraft:time_since_rest":1301,"minecraft:sprint_one_cm":195685,"minecraft:damage_taken":1556,"minecraft:walk_one_cm":262777,"minecraft:damage_blocked_by_shield":135,"minecraft:drop":84,"minecraft:damage_dealt":5123,"minecraft:swim_one_cm":28709,"minecraft:fly_one_cm":185012,"minecraft:open_chest":17,"minecraft:crouch_one_cm":3066,"minecraft:play_time":82834,"minecraft:deaths":2,"minecraft:sneak_time":1273,"minecraft:walk_under_water_one_cm":13861,"minecraft:boat_one_cm":63753,"minecraft:jump":679,"minecraft:walk_on_water_one_cm":14476,"minecraft:total_world_time":82834,"minecraft:fall_one_cm":13404},"minecraft:dropped":{"minecraft:wheat_seeds":1,"minecraft:cooked_beef":2,"minecraft:rotten_flesh":2,"minecraft:cobblestone":1,"minecraft:oak_planks":59,"biomesoplenty:orange_autumn_sapling":1,"gamma_beasts:green_apple":5,"minecraft:flint":1,"minecraft:dirt":1,"minecraft:potato":6,"minecraft:golden_carrot":4,"skilltree:gem":1,"gravestone:obituary":2,"minecraft:golden_sword":1,"born_in_chaos_v1:black_argillite_brick":1},"minecraft:mined":{"gamma_beasts:roble_hoja_1":8,"minecraft:mossy_cobblestone":2,"gamma_beasts:roblo_hoja":10,"gravestone:gravestone":1,"minecraft:grass_block":3,"minecraft:copper_ore":3,"minecraft:tall_grass":3,"travelersbackpack:white_sleeping_bag":1,"minecraft:cobblestone":8,"biomesoplenty:tundra_shrub":1,"minecraft:spawner":3,"minecraft:large_fern":5,"minecraft:smooth_stone":1,"minecraft:birch_log":3,"minecraft:iron_ore":3,"minecraft:fire":1,"minecraft:pumpkin":6,"gamma_beasts:thin_oak_log":11,"minecraft:grass":11,"minecraft:oak_log":58,"minecraft:coal_ore":37,"minecraft:dirt":2,"minecraft:cobweb":7,"minecraft:stone":59,"minecraft:oak_leaves":2,"minecraft:spruce_slab":1}},"DataVersion":3465}