{"stats":{"minecraft:crafted":{"minecraft:oak_planks":152,"minecraft:charcoal":9,"minecraft:crafting_table":1,"minecraft:stick":8,"minecraft:stone_pickaxe":1,"minecraft:wooden_axe":1,"minecraft:furnace":1,"minecraft:copper_ingot":6,"minecraft:stone_axe":1,"minecraft:air":0},"minecraft:used":{"minecraft:birch_door":1,"minecraft:wooden_axe":6,"minecraft:stone_pickaxe":74,"minecraft:oak_planks":5,"mvw:diamond_crossbow":2,"minecraft:stone_axe":60,"mvw:iron_double_axe":2,"minecraft:golden_carrot":2,"minecraft:crafting_table":1,"minecraft:furnace":1,"minecraft:birch_log":2,"minecraft:golden_axe":32},"minecraft:picked_up":{"minecraft:birch_log":3,"gamma_beasts:thin_oak_log":11,"minecraft:raw_iron":1,"minecraft:pumpkin":6,"minecraft:flint":1,"gamma_beasts:green_apple":24,"minecraft:oak_log":58,"gamma_beasts:oak_leaf":8,"minecraft:mossy_cobblestone":2,"skilltree:gem":3,"minecraft:raw_copper":6,"minecraft:dirt":3,"minecraft:rotten_flesh":2,"gamma_beasts:coal_nugget":3,"minecraft:coal":9,"minecraft:cobblestone":74},"minecraft:broken":{"minecraft:golden_axe":1},"minecraft:custom":{"minecraft:time_since_rest":38212,"minecraft:interact_with_furnace":5,"minecraft:sprint_one_cm":61395,"minecraft:damage_taken":214,"minecraft:walk_one_cm":145458,"minecraft:drop":67,"minecraft:damage_dealt":121,"minecraft:swim_one_cm":6735,"minecraft:interact_with_crafting_table":5,"minecraft:fly_one_cm":124638,"minecraft:open_barrel":4,"minecraft:open_chest":8,"minecraft:crouch_one_cm":119,"minecraft:play_time":38212,"minecraft:interact_with_loom":1,"minecraft:sneak_time":135,"minecraft:walk_under_water_one_cm":3728,"minecraft:damage_dealt_resisted":124,"minecraft:jump":246,"minecraft:leave_game":1,"minecraft:time_since_death":38212,"minecraft:walk_on_water_one_cm":3494,"minecraft:total_world_time":38212,"minecraft:climb_one_cm":628,"minecraft:fall_one_cm":2360},"minecraft:dropped":{"minecraft:golden_carrot":4,"minecraft:golden_sword":1,"minecraft:rotten_flesh":2,"minecraft:oak_planks":59,"minecraft:flint":1},"minecraft:mined":{"gamma_beasts:roble_hoja_1":8,"minecraft:mossy_cobblestone":2,"minecraft:iron_ore":1,"minecraft:birch_log":3,"gamma_beasts:roblo_hoja":9,"minecraft:pumpkin":6,"gamma_beasts:thin_oak_log":11,"minecraft:coal_ore":9,"minecraft:grass_block":1,"minecraft:oak_log":58,"minecraft:dirt":1,"minecraft:copper_ore":3,"minecraft:tall_grass":1,"minecraft:stone":55,"minecraft:oak_leaves":2}},"DataVersion":3465}