{"stats":{"minecraft:crafted":{"minecraft:oak_planks":148,"minecraft:crafting_table":1,"minecraft:stick":4,"minecraft:wooden_axe":1},"minecraft:used":{"minecraft:wooden_axe":5,"mvw:iron_double_axe":2,"minecraft:golden_carrot":2,"minecraft:crafting_table":1,"minecraft:golden_axe":32,"mvw:diamond_crossbow":2,"minecraft:birch_door":1},"minecraft:picked_up":{"minecraft:rotten_flesh":2,"minecraft:flint":1,"minecraft:oak_log":37},"minecraft:broken":{"minecraft:golden_axe":1},"minecraft:custom":{"minecraft:open_barrel":4,"minecraft:time_since_rest":26212,"minecraft:open_chest":8,"minecraft:crouch_one_cm":119,"minecraft:sprint_one_cm":21259,"minecraft:interact_with_loom":1,"minecraft:play_time":26212,"minecraft:damage_taken":214,"minecraft:walk_one_cm":96675,"minecraft:sneak_time":109,"minecraft:walk_under_water_one_cm":199,"minecraft:drop":8,"minecraft:jump":127,"minecraft:damage_dealt_resisted":124,"minecraft:damage_dealt":103,"minecraft:leave_game":1,"minecraft:walk_on_water_one_cm":1459,"minecraft:time_since_death":26212,"minecraft:climb_one_cm":628,"minecraft:total_world_time":26212,"minecraft:interact_with_crafting_table":1,"minecraft:swim_one_cm":2265,"minecraft:fall_one_cm":419,"minecraft:fly_one_cm":110615},"minecraft:dropped":{"minecraft:rotten_flesh":2,"minecraft:golden_carrot":4,"minecraft:flint":1,"minecraft:golden_sword":1},"minecraft:mined":{"minecraft:oak_log":37}},"DataVersion":3465}