{"stats":{"minecraft:used":{"minecraft:chest":8,"minecraft:shield":245,"minecraft:iron_sword":109,"minecraft:rotten_flesh":2,"gamma_beasts:prehnite_armor_boots":1,"mvw:iron_lance":3,"minecraft:carrot":19,"born_in_chaos_v1:smoked_flesh":1,"minecraft:cyan_terracotta":49,"mvw:diamond_crossbow":2,"minecraft:bow":10,"minecraft:furnace":6,"minecraft:potato":12,"minecraft:spruce_door":1,"minecraft:stone_pickaxe":156,"minecraft:oak_planks":6,"minecraft:white_wool":1,"minecraft:golden_apple":2,"gamma_beasts:prehnite_armor_helmet":1,"minecraft:crossbow":6,"biomesoplenty:dead_planks":25,"biomesoplenty:umbran_planks":63,"minecraft:bread":78,"born_in_chaos_v1:black_argillite_brick_wall":1,"minecraft:green_candle":1,"alexsmobs:cooked_moose_ribs":6,"mvw:iron_double_axe":170,"minecraft:diamond_sword":414,"minecraft:smithing_table":1,"minecraft:dark_oak_fence":1,"minecraft:birch_log":3,"minecraft:oak_boat":1,"minecraft:waxed_cut_copper_stairs":1,"minecraft:bone_meal":177,"minecraft:coarse_dirt":1,"minecraft:experience_bottle":3,"minecraft:cobweb":2,"minecraft:flint_and_steel":1,"minecraft:spruce_planks":97,"gamma_beasts:green_apple":22,"minecraft:wooden_shovel":20,"born_in_chaos_v1:fried_maggot":8,"minecraft:cooked_chicken":4,"minecraft:torch":66,"minecraft:dirt":11,"minecraft:birch_door":1,"minecraft:wooden_axe":8,"minecraft:dark_oak_planks":4,"minecraft:iron_axe":96,"minecraft:golden_carrot":6,"minecraft:cherry_log":2,"minecraft:golden_axe":32,"minecraft:wheat_seeds":91,"minecraft:cooked_mutton":12,"minecraft:water_bucket":4,"alexsmobs:cooked_catfish":3,"minecraft:polished_andesite":2,"minecraft:baked_potato":15,"minecraft:mossy_cobblestone":5,"minecraft:crafting_table":11,"minecraft:white_bed":12,"minecraft:wooden_hoe":9,"minecraft:diamond_pickaxe":35,"gamma_beasts:prehnite_armor_chestplate":1,"minecraft:apple":6,"minecraft:iron_pickaxe":354,"travelersbackpack:white_sleeping_bag":2,"minecraft:stone_axe":99,"minecraft:cobblestone":253,"travelersbackpack:standard":13,"minecraft:cooked_porkchop":10,"minecraft:bucket":5,"born_in_chaos_v1:wood_splitter_axe":154,"minecraft:smooth_stone":10},"minecraft:dropped":{"biomesoplenty:umbran_planks":1,"minecraft:iron_sword":1,"minecraft:cooked_beef":2,"minecraft:baked_potato":14,"born_in_chaos_v1:fried_maggot":1,"minecraft:cooked_porkchop":2,"minecraft:crossbow":2,"gamma_beasts:prehnite":2,"minecraft:saddle":2,"travelersbackpack:standard":3,"minecraft:flint":1,"minecraft:emerald":1,"minecraft:cobblestone_stairs":1,"minecraft:cyan_terracotta":1,"minecraft:dirt":8,"minecraft:dark_oak_log":8,"mvw:iron_halberd":1,"gravestone:obituary":36,"alexsmobs:cooked_moose_ribs":1,"minecraft:bone_meal":2,"born_in_chaos_v1:black_argillite_brick":1,"minecraft:iron_pickaxe":2,"minecraft:dark_oak_planks":16,"minecraft:white_wool":3,"minecraft:bone":31,"minecraft:cooked_chicken":44,"born_in_chaos_v1:fire_dust":3,"minecraft:wheat":3,"minecraft:rotten_flesh":6,"born_in_chaos_v1:smoked_flesh":2,"minecraft:oak_planks":59,"biomesoplenty:orange_autumn_sapling":1,"minecraft:tipped_arrow":2,"minecraft:mangrove_log":1,"travelersbackpack:white_sleeping_bag":1,"minecraft:charcoal":6,"born_in_chaos_v1:corpse_maggot":3,"minecraft:chainmail_boots":1,"alexsmobs:moose_ribs":4,"skilltree:simple_necklace":1,"minecraft:netherrack":2,"minecraft:lectern":1,"minecraft:iron_ingot":1,"minecraft:bread":140,"minecraft:wheat_seeds":5,"minecraft:golden_helmet":2,"minecraft:cherry_log":2,"minecraft:mossy_cobblestone":6,"gamma_beasts:coal_nugget":22,"minecraft:feather":15,"minecraft:iron_helmet":1,"minecraft:cobblestone":2,"minecraft:golden_apple":3,"minecraft:stick":6,"minecraft:polished_andesite":1,"minecraft:golden_carrot":4,"minecraft:torch":1,"skilltree:gem":11,"mvw:iron_double_axe":3,"minecraft:iron_leggings":1,"minecraft:pumpkin":2,"minecraft:wither_rose":2,"minecraft:iron_axe":1,"minecraft:smooth_stone":1,"minecraft:string":1,"minecraft:sweet_berries":21,"alexsmobs:maggot":2,"mvw:iron_bow":1,"born_in_chaos_v1:rotten_fish":1,"mvw:iron_lance":1,"minecraft:iron_boots":1,"born_in_chaos_v1:spiritual_dust":2,"gamma_beasts:green_apple":5,"minecraft:diamond_sword":1,"minecraft:potato":10,"minecraft:shield":2,"minecraft:spruce_planks":26,"minecraft:iron_chestplate":1,"cataclysm:void_scatter_arrow":1,"minecraft:golden_sword":1,"minecraft:spider_eye":12,"minecraft:stone_pickaxe":1,"minecraft:magma_block":1,"skilltree:golden_ring":2},"minecraft:killed":{"minecraft:cave_spider":9,"born_in_chaos_v1:restless_spirit":1,"minecraft:spider":11,"alexsmobs:shoebill":2,"born_in_chaos_v1:baby_skeleton_minion":4,"minecraft:skeleton":55,"minecraft:chicken":3,"born_in_chaos_v1:skeleton_thrasher":1,"born_in_chaos_v1:firelight_not_despawn":5,"minecraft:pig":3,"alexsmobs:seal":1,"minecraft:creeper":2,"minecraft:sheep":10,"minecraft:pillager":21,"minecraft:zombie":80,"born_in_chaos_v1:corpse_fly":4,"minecraft:stray":12,"alexsmobs:fly":3,"born_in_chaos_v1:siamese_skeletonsleft":1,"minecraft:cow":5,"minecraft:vex":2,"born_in_chaos_v1:skeleton_thrasher_not_despawn":1,"born_in_chaos_v1:maggot":23,"minecraft:phantom":1,"born_in_chaos_v1:corpse_fish":3,"born_in_chaos_v1:fallen_chaos_knight":1,"born_in_chaos_v1:bone_imp_minion":3,"born_in_chaos_v1:baby_skeleton":1,"minecraft:frog":2,"born_in_chaos_v1:decrepit_skeleton":6,"alexsmobs:catfish":1,"born_in_chaos_v1:bonescaller_not_despawn":1,"alexsmobs:moose":3},"minecraft:custom":{"minecraft:animals_bred":4,"minecraft:interact_with_crafting_table":79,"minecraft:open_barrel":32,"minecraft:eat_cake_slice":4,"minecraft:leave_game":8,"minecraft:time_since_death":78133,"minecraft:damage_resisted":465,"minecraft:sprint_one_cm":1155670,"minecraft:damage_blocked_by_shield":12382,"minecraft:drop":273,"minecraft:talked_to_villager":8,"minecraft:play_time":521346,"minecraft:deaths":36,"minecraft:jump":5039,"minecraft:interact_with_brewingstand":2,"minecraft:walk_on_water_one_cm":48500,"minecraft:interact_with_furnace":81,"minecraft:interact_with_loom":1,"minecraft:sleep_in_bed":10,"minecraft:damage_dealt":43553,"minecraft:player_kills":1,"minecraft:crouch_one_cm":44439,"minecraft:interact_with_smithing_table":12,"minecraft:mob_kills":298,"minecraft:interact_with_campfire":6,"minecraft:damage_dealt_resisted":1757,"minecraft:climb_one_cm":27920,"minecraft:walk_one_cm":1696569,"minecraft:sneak_time":17139,"minecraft:walk_under_water_one_cm":34033,"minecraft:boat_one_cm":380639,"minecraft:total_world_time":521346,"minecraft:time_since_rest":4117,"minecraft:damage_absorbed":68,"minecraft:damage_taken":18821,"minecraft:swim_one_cm":227484,"minecraft:fly_one_cm":875880,"minecraft:open_chest":122,"minecraft:fall_one_cm":135290},"minecraft:broken":{"minecraft:bow":1,"born_in_chaos_v1:wood_splitter_axe":1,"gamma_beasts:prehnite_armor_leggings":1,"gamma_beasts:prehnite_armor_chestplate":1,"gamma_beasts:prehnite_armor_boots":1,"minecraft:shield":3,"minecraft:golden_axe":1,"mvw:iron_double_axe":1,"minecraft:iron_pickaxe":1},"minecraft:killed_by":{"minecraft:husk":7,"minecraft:player":1,"born_in_chaos_v1:dread_hound":1},"minecraft:mined":{"minecraft:dark_oak_planks":3,"minecraft:spruce_planks":31,"minecraft:white_bed":10,"gamma_beasts:roble_hoja_1":8,"minecraft:obsidian":20,"minecraft:carved_pumpkin":1,"biomesoplenty:dead_leaves":1,"biomesoplenty:umbran_planks":1,"minecraft:grass_block":24,"minecraft:spawner":14,"minecraft:smooth_stone":8,"minecraft:weeping_vines_plant":1,"minecraft:magma_block":6,"minecraft:iron_ore":14,"minecraft:fire":6,"minecraft:pumpkin":9,"minecraft:iron_bars":2,"minecraft:spruce_slab":1,"minecraft:waxed_cut_copper_stairs":1,"minecraft:cyan_terracotta":53,"minecraft:powder_snow":21,"minecraft:polished_andesite_stairs":3,"minecraft:cobblestone":124,"minecraft:wall_torch":1,"minecraft:dark_oak_slab":3,"minecraft:birch_log":3,"minecraft:wheat":85,"biomesoplenty:umbran_log":18,"minecraft:wither_rose":1,"minecraft:stone_brick_stairs":2,"minecraft:smooth_stone_slab":5,"minecraft:grass":204,"biomesoplenty:dead_log":15,"minecraft:oak_log":58,"minecraft:dirt":16,"minecraft:netherrack":6,"minecraft:oak_leaves":2,"minecraft:crying_obsidian":3,"minecraft:mossy_cobblestone":9,"gamma_beasts:roblo_hoja":10,"gravestone:gravestone":27,"minecraft:dark_oak_fence":4,"travelersbackpack:white_sleeping_bag":1,"minecraft:spruce_leaves":28,"biomesoplenty:tundra_shrub":4,"minecraft:large_fern":6,"minecraft:hay_block":2,"minecraft:furnace":1,"gamma_beasts:prehnite_ore":13,"minecraft:stone":148,"minecraft:smithing_table":1,"minecraft:stripped_dark_oak_log":1,"minecraft:stone_brick_slab":3,"minecraft:crafting_table":1,"minecraft:lectern":1,"minecraft:tall_grass":8,"minecraft:copper_ore":3,"minecraft:lapis_ore":6,"minecraft:coarse_dirt":3,"minecraft:spruce_log":69,"minecraft:birch_leaves":3,"gamma_beasts:thin_oak_log":11,"minecraft:coal_ore":62,"minecraft:cobweb":10,"biomesoplenty:dead_planks":2,"minecraft:polished_andesite":6,"minecraft:gold_ore":4,"minecraft:fern":8},"minecraft:crafted":{"minecraft:oak_planks":174,"minecraft:cooked_chicken":6,"skilltree:assassin_necklace":1,"minecraft:cooked_mutton":7,"minecraft:diamond_helmet":1,"minecraft:chest":7,"gamma_beasts:prehnite_armor_helmet":1,"alexsmobs:cooked_catfish":3,"minecraft:wooden_shovel":1,"minecraft:cooked_porkchop":5,"minecraft:crafting_table":10,"minecraft:spruce_planks":260,"minecraft:baked_potato":3,"minecraft:smithing_table":1,"minecraft:copper_ingot":6,"mvw:iron_bow":1,"mvw:iron_double_axe":2,"minecraft:wooden_hoe":1,"minecraft:diamond_pickaxe":1,"minecraft:charcoal":9,"minecraft:shield":4,"naturescompass:naturescompass":1,"gamma_beasts:prehnite_armor_leggings":1,"minecraft:stick":44,"minecraft:iron_pickaxe":2,"minecraft:iron_ingot":9,"minecraft:gold_ingot":7,"minecraft:furnace":5,"minecraft:bone_meal":177,"travelersbackpack:white_sleeping_bag":2,"born_in_chaos_v1:fried_maggot":6,"minecraft:stone_pickaxe":1,"skilltree:golden_ring":2,"minecraft:dark_oak_planks":36,"minecraft:wheat":18,"minecraft:cooked_beef":2,"biomesoplenty:umbran_planks":64,"biomesoplenty:dead_planks":52,"mvw:iron_lance":1,"alexsmobs:cooked_moose_ribs":4,"minecraft:bucket":2,"minecraft:bone":6,"minecraft:stone_axe":1,"minecraft:bread":31,"minecraft:air":0,"minecraft:oak_boat":1,"minecraft:white_wool":6,"minecraft:golden_apple":5,"minecraft:gold_nugget":27,"minecraft:wooden_axe":1,"minecraft:white_bed":2,"mvw:iron_halberd":1,"minecraft:torch":64,"skilltree:simple_necklace":1},"minecraft:picked_up":{"gamma_beasts:thin_oak_log":11,"minecraft:wheat":82,"minecraft:lead":1,"minecraft:smithing_table":1,"minecraft:diamond_sword":1,"born_in_chaos_v1:black_argillite_brick_wall":1,"biomesoplenty:orange_autumn_sapling":1,"minecraft:wither_rose":2,"minecraft:stone_brick_stairs":1,"minecraft:string":20,"minecraft:raw_copper":6,"biomesoplenty:yellow_autumn_sapling":1,"minecraft:smooth_stone_slab":4,"born_in_chaos_v1:dark_upgrade":2,"minecraft:smooth_stone":13,"minecraft:spruce_planks":67,"alexsmobs:cooked_moose_ribs":3,"minecraft:calcite":4,"minecraft:iron_pickaxe":1,"minecraft:iron_boots":1,"minecraft:furnace":2,"minecraft:mangrove_log":1,"minecraft:golden_helmet":2,"minecraft:tipped_arrow":2,"minecraft:stick":12,"born_in_chaos_v1:shattered_skull":2,"minecraft:torch":3,"biomesoplenty:umbran_planks":2,"minecraft:porkchop":1,"minecraft:cherry_log":4,"born_in_chaos_v1:black_argillite_brick_stairs":1,"minecraft:waxed_cut_copper_stairs":1,"born_in_chaos_v1:fried_maggot":3,"minecraft:rotten_flesh":13,"minecraft:cyan_terracotta":52,"gamma_beasts:coal_nugget":34,"minecraft:obsidian":20,"mvw:iron_lance":1,"minecraft:cobblestone":302,"minecraft:nautilus_shell":1,"minecraft:birch_log":3,"minecraft:magma_block":1,"minecraft:feather":16,"born_in_chaos_v1:spiritual_dust":4,"minecraft:water_bucket":1,"gamma_beasts:prehnite":15,"minecraft:potato":8,"biomesoplenty:dead_log":13,"minecraft:flint":1,"gamma_beasts:oak_leaf":8,"skilltree:gem":25,"minecraft:lapis_lazuli":43,"minecraft:dirt":42,"minecraft:name_tag":1,"minecraft:bone":94,"minecraft:bow":2,"minecraft:wheat_seeds":252,"minecraft:green_candle":4,"minecraft:raw_gold":4,"minecraft:cooked_porkchop":10,"minecraft:mossy_cobblestone":22,"minecraft:dark_oak_log":8,"travelersbackpack:white_sleeping_bag":1,"minecraft:polished_andesite":10,"born_in_chaos_v1:fire_dust":9,"minecraft:diamond":8,"minecraft:soul_lantern":1,"mvw:iron_double_axe":2,"minecraft:crossbow":2,"minecraft:bone_meal":2,"alexsmobs:moose_ribs":8,"minecraft:golden_apple":1,"minecraft:emerald":13,"minecraft:bread":126,"alexsmobs:maggot":2,"born_in_chaos_v1:rotten_fish":2,"minecraft:netherrack":2,"minecraft:dark_oak_fence":1,"minecraft:crafting_table":1,"minecraft:coarse_dirt":4,"gamma_beasts:prehnite_armor_chestplate":1,"minecraft:chicken":3,"born_in_chaos_v1:seedof_chaos":1,"gravestone:obituary":15,"minecraft:shield":2,"minecraft:iron_axe":1,"skilltree:assassin_necklace":4,"born_in_chaos_v1:black_argillite_brick":2,"skilltree:golden_ring":5,"minecraft:beef":11,"born_in_chaos_v1:gnawed_bones":1,"minecraft:spruce_slab":2,"minecraft:lectern":1,"minecraft:chest":1,"minecraft:raw_iron":14,"born_in_chaos_v1:pieceofdarkmetal":7,"mvw:iron_halberd":1,"minecraft:dark_oak_planks":2,"minecraft:arrow":21,"born_in_chaos_v1:wood_splitter_axe":1,"minecraft:hay_block":2,"minecraft:mutton":13,"minecraft:white_wool":11,"born_in_chaos_v1:corpse_maggot":16,"minecraft:golden_carrot":2,"minecraft:leather":10,"gamma_beasts:green_apple":27,"minecraft:oak_log":58,"minecraft:cobblestone_stairs":1,"minecraft:white_banner":1,"minecraft:cooked_mutton":5,"gamma_beasts:prehnite_armor_helmet":1,"minecraft:apple":2,"minecraft:iron_ingot":16,"minecraft:stone_pickaxe":2,"minecraft:cooked_chicken":1,"biomesoplenty:umbran_log":16,"minecraft:iron_sword":2,"minecraft:polished_andesite_stairs":6,"minecraft:pumpkin":8,"minecraft:sweet_berries":21,"minecraft:stone_brick_slab":1,"born_in_chaos_v1:ethereal_spirit":2,"biomesoplenty:dead_planks":2,"minecraft:spruce_sapling":5,"minecraft:white_bed":10,"minecraft:spruce_log":69,"minecraft:crying_obsidian":3,"minecraft:spruce_door":1,"minecraft:spider_eye":17,"travelersbackpack:standard":5,"alexsmobs:raw_catfish":3,"minecraft:baked_potato":26,"minecraft:black_wool":1,"minecraft:stripped_dark_oak_log":1,"minecraft:coal":60}},"DataVersion":3465}