{"stats":{"minecraft:used":{"minecraft:spruce_planks":59,"minecraft:shield":68,"minecraft:cooked_chicken":40,"minecraft:iron_chestplate":1,"minecraft:torch":8,"minecraft:dirt":1,"alexsmobs:moose_ribs":1,"minecraft:carrot":5,"minecraft:iron_boots":1,"minecraft:stone_bricks":7,"minecraft:furnace":2,"minecraft:enchanted_golden_apple":1,"minecraft:iron_leggings":1,"minecraft:stone_pickaxe":84,"minecraft:baked_potato":2,"minecraft:salmon":1,"minecraft:golden_apple":1,"minecraft:crafting_table":3,"minecraft:crossbow":24,"minecraft:white_bed":2,"minecraft:cake":1,"minecraft:apple":3,"minecraft:bread":16,"minecraft:iron_pickaxe":64,"minecraft:red_terracotta":5,"alexsmobs:cooked_moose_ribs":3,"minecraft:chiseled_stone_bricks":2,"mvw:iron_double_axe":70,"minecraft:diamond_sword":271,"minecraft:cobblestone":60,"minecraft:potion":1,"travelersbackpack:standard":13,"minecraft:cooked_porkchop":3,"minecraft:andesite":1},"minecraft:dropped":{"minecraft:golden_boots":1,"minecraft:iron_ingot":16,"minecraft:bread":30,"minecraft:wheat_seeds":1,"minecraft:golden_helmet":1,"minecraft:glass_bottle":1,"gamma_beasts:coal_nugget":11,"minecraft:weeping_vines":1,"minecraft:feather":2,"minecraft:apple":2,"minecraft:dark_oak_button":14,"travelersbackpack:standard":1,"alexsmobs:bison_fur":2,"minecraft:emerald":11,"minecraft:dirt":9,"minecraft:chain":2,"gravestone:obituary":9,"minecraft:string":1,"minecraft:spruce_sapling":2,"minecraft:bone":1,"minecraft:waxed_cut_copper_slab":5,"minecraft:waxed_cut_copper_stairs":7,"alexsmobs:animal_dictionary":1,"minecraft:shield":2,"minecraft:birch_door":1,"minecraft:chainmail_boots":1,"alexsmobs:moose_ribs":1,"minecraft:stone_bricks":6,"minecraft:iron_bars":2,"minecraft:calcite":2},"minecraft:killed":{"minecraft:cave_spider":2,"minecraft:spider":5,"alexsmobs:tasmanian_devil":1,"born_in_chaos_v1:baby_skeleton_minion":1,"minecraft:skeleton":1,"minecraft:wolf":1,"minecraft:husk":1,"born_in_chaos_v1:bonescaller":1,"minecraft:pig":2,"born_in_chaos_v1:bone_imp_minion":9,"minecraft:salmon":7,"minecraft:zombie":4,"born_in_chaos_v1:bonescaller_not_despawn":1,"minecraft:stray":6,"alexsmobs:moose":1},"minecraft:custom":{"minecraft:mob_kills":47,"minecraft:interact_with_crafting_table":8,"minecraft:open_barrel":2,"minecraft:damage_dealt_resisted":692,"minecraft:eat_cake_slice":3,"minecraft:leave_game":2,"minecraft:time_since_death":21394,"minecraft:climb_one_cm":2703,"minecraft:damage_resisted":39,"minecraft:sprint_one_cm":173932,"minecraft:walk_one_cm":465644,"minecraft:damage_blocked_by_shield":4290,"minecraft:drop":47,"minecraft:talked_to_villager":3,"minecraft:play_time":135045,"minecraft:deaths":7,"minecraft:sneak_time":6492,"minecraft:walk_under_water_one_cm":12039,"minecraft:jump":1975,"minecraft:interact_with_brewingstand":1,"minecraft:walk_on_water_one_cm":10676,"minecraft:total_world_time":135045,"minecraft:interact_with_furnace":18,"minecraft:interact_with_cartography_table":1,"minecraft:interact_with_grindstone":1,"minecraft:sleep_in_bed":2,"minecraft:time_since_rest":534,"minecraft:damage_taken":6949,"minecraft:damage_absorbed":202,"minecraft:damage_dealt":7222,"minecraft:player_kills":1,"minecraft:fly_one_cm":379102,"minecraft:swim_one_cm":15180,"minecraft:open_chest":21,"minecraft:crouch_one_cm":13329,"minecraft:fall_one_cm":50045},"minecraft:broken":{"minecraft:shield":1,"minecraft:iron_helmet":1},"minecraft:killed_by":{"minecraft:husk":2,"minecraft:player":1},"minecraft:mined":{"minecraft:dark_oak_planks":3,"minecraft:waxed_cut_copper_slab":6,"minecraft:spruce_planks":17,"minecraft:white_bed":1,"minecraft:mossy_cobblestone":1,"minecraft:dark_oak_log":3,"gravestone:gravestone":6,"minecraft:grass_block":3,"born_in_chaos_v1:black_argillite_brick_wall":1,"minecraft:spruce_leaves":12,"minecraft:spawner":2,"minecraft:large_fern":1,"minecraft:furnace":2,"minecraft:andesite":2,"minecraft:dirt_path":1,"minecraft:stone":90,"minecraft:iron_block":1,"minecraft:waxed_cut_copper_stairs":7,"minecraft:crafting_table":2,"minecraft:calcite":7,"born_in_chaos_v1:black_argillite_brick_n":1,"minecraft:tall_grass":2,"minecraft:cobblestone":4,"born_in_chaos_v1:black_argillite_brick_wall_n":1,"minecraft:chain":2,"minecraft:red_terracotta":5,"minecraft:dark_oak_slab":6,"minecraft:sweet_berry_bush":15,"minecraft:spruce_log":15,"minecraft:grass":14,"minecraft:oak_log":5,"minecraft:dirt":5,"minecraft:cobweb":10,"minecraft:stone_bricks":7,"minecraft:fern":3},"minecraft:crafted":{"minecraft:oak_planks":20,"minecraft:furnace":2,"minecraft:dark_oak_planks":12,"minecraft:cooked_porkchop":1,"minecraft:crafting_table":2,"minecraft:spruce_planks":112,"minecraft:baked_potato":2,"alexsmobs:cooked_moose_ribs":3,"minecraft:dark_oak_button":14,"minecraft:white_wool":4,"minecraft:shield":3,"minecraft:stick":20,"minecraft:iron_ingot":9,"minecraft:white_bed":1,"minecraft:torch":24},"minecraft:picked_up":{"minecraft:iron_chestplate":1,"minecraft:charcoal":6,"minecraft:birch_door":1,"minecraft:chainmail_boots":1,"minecraft:chicken":1,"minecraft:diamond_sword":1,"gravestone:obituary":3,"minecraft:chain":2,"minecraft:shield":2,"minecraft:string":17,"minecraft:waxed_cut_copper_slab":6,"minecraft:iron_leggings":1,"minecraft:spruce_planks":13,"minecraft:beef":1,"minecraft:calcite":3,"minecraft:furnace":2,"minecraft:iron_boots":1,"minecraft:tipped_arrow":8,"minecraft:golden_helmet":2,"minecraft:porkchop":5,"minecraft:dark_oak_planks":18,"minecraft:waxed_cut_copper_stairs":7,"minecraft:arrow":31,"minecraft:weeping_vines":1,"minecraft:iron_block":1,"gamma_beasts:coal_nugget":11,"minecraft:iron_bars":2,"minecraft:cobblestone":103,"minecraft:feather":2,"minecraft:salmon":7,"minecraft:andesite":2,"minecraft:leather":2,"alexsmobs:bison_fur":2,"minecraft:oak_log":5,"minecraft:golden_boots":1,"minecraft:dirt":10,"minecraft:bone":25,"minecraft:stone_bricks":13,"minecraft:wheat_seeds":1,"minecraft:iron_ingot":14,"minecraft:cooked_chicken":41,"minecraft:dark_oak_slab":8,"minecraft:cooked_porkchop":2,"minecraft:sweet_berries":42,"minecraft:chiseled_stone_bricks":2,"minecraft:spruce_sapling":3,"minecraft:white_bed":1,"minecraft:spruce_log":15,"minecraft:red_terracotta":5,"minecraft:dark_oak_log":3,"minecraft:spider_eye":6,"travelersbackpack:standard":2,"mvw:iron_double_axe":1,"minecraft:iron_helmet":1,"minecraft:crossbow":1,"minecraft:bone_meal":2,"minecraft:golden_apple":1,"alexsmobs:moose_ribs":5,"minecraft:bread":44,"minecraft:emerald":11,"minecraft:crafting_table":2}},"DataVersion":3465}