{"stats":{"minecraft:used":{"minecraft:iron_shovel":151,"born_in_chaos_v1:ethereal_spirit":8,"minecraft:spruce_planks":272,"minecraft:shield":93,"minecraft:cooked_chicken":44,"minecraft:iron_chestplate":1,"minecraft:torch":27,"minecraft:dirt":108,"minecraft:spruce_stairs":8,"alexsmobs:moose_ribs":1,"mvw:iron_lance":2,"minecraft:carrot":5,"minecraft:spruce_fence":24,"minecraft:spruce_boat":2,"born_in_chaos_v1:corpse_maggot":1,"minecraft:iron_boots":1,"minecraft:stone_bricks":7,"minecraft:magma_block":2,"minecraft:bow":8,"minecraft:sweet_berries":38,"minecraft:furnace":6,"mvw:iron_hammer":9,"minecraft:cooked_beef":2,"minecraft:enchanted_golden_apple":1,"minecraft:iron_leggings":1,"minecraft:water_bucket":4,"minecraft:spruce_door":2,"minecraft:stone_pickaxe":84,"minecraft:baked_potato":7,"cfm:spruce_blinds":10,"minecraft:spruce_fence_gate":2,"minecraft:golden_apple":2,"minecraft:salmon":1,"minecraft:mossy_cobblestone":10,"minecraft:crafting_table":10,"minecraft:crossbow":29,"minecraft:white_bed":12,"minecraft:cake":1,"minecraft:apple":3,"minecraft:bread":21,"minecraft:iron_pickaxe":217,"minecraft:chiseled_stone_bricks":2,"mvw:iron_crossbow":5,"minecraft:red_terracotta":5,"alexsmobs:cooked_moose_ribs":3,"mvw:iron_double_axe":210,"minecraft:diamond_sword":317,"minecraft:cobblestone":187,"minecraft:potion":1,"travelersbackpack:standard":14,"minecraft:cooked_porkchop":6,"minecraft:andesite":1,"minecraft:bucket":6},"minecraft:dropped":{"minecraft:water_bucket":1,"minecraft:golden_boots":1,"minecraft:iron_ingot":16,"minecraft:bread":34,"minecraft:wheat_seeds":1,"minecraft:golden_helmet":2,"minecraft:baked_potato":6,"minecraft:glass_bottle":1,"gamma_beasts:coal_nugget":11,"minecraft:cooked_porkchop":9,"minecraft:weeping_vines":1,"minecraft:feather":2,"minecraft:lead":1,"minecraft:leather":2,"minecraft:apple":2,"minecraft:dark_oak_button":14,"travelersbackpack:standard":1,"alexsmobs:bison_fur":2,"minecraft:emerald":11,"minecraft:dirt":9,"minecraft:iron_leggings":1,"minecraft:chain":2,"gravestone:obituary":16,"minecraft:bone_meal":2,"minecraft:dark_oak_planks":1,"minecraft:string":1,"minecraft:white_wool":1,"minecraft:spruce_sapling":3,"minecraft:bone":1,"minecraft:waxed_cut_copper_slab":5,"minecraft:waxed_cut_copper_stairs":7,"minecraft:sweet_berries":21,"alexsmobs:animal_dictionary":1,"minecraft:iron_boots":1,"mvw:iron_lance":1,"minecraft:white_bed":1,"born_in_chaos_v1:dark_upgrade":2,"minecraft:shield":3,"minecraft:spruce_planks":1,"minecraft:birch_door":1,"minecraft:chainmail_boots":1,"alexsmobs:moose_ribs":1,"minecraft:spider_eye":6,"minecraft:stone_bricks":6,"minecraft:iron_bars":2,"minecraft:bow":1,"minecraft:calcite":2,"minecraft:netherrack":2,"minecraft:purple_carpet":6},"minecraft:killed":{"minecraft:cave_spider":2,"alexsmobs:raccoon":1,"minecraft:spider":6,"alexsmobs:tasmanian_devil":1,"born_in_chaos_v1:baby_skeleton_minion":1,"minecraft:skeleton":2,"minecraft:chicken":3,"born_in_chaos_v1:spiritof_chaos":1,"minecraft:wolf":1,"minecraft:husk":1,"born_in_chaos_v1:bonescaller":1,"minecraft:pig":5,"born_in_chaos_v1:bone_imp_minion":9,"minecraft:salmon":7,"minecraft:goat":1,"minecraft:zombie":5,"born_in_chaos_v1:dread_hound":1,"born_in_chaos_v1:bonescaller_not_despawn":1,"minecraft:stray":6,"alexsmobs:moose":1},"minecraft:custom":{"minecraft:mob_kills":63,"minecraft:interact_with_crafting_table":51,"minecraft:open_barrel":2,"minecraft:damage_dealt_resisted":866,"minecraft:eat_cake_slice":3,"minecraft:leave_game":3,"minecraft:time_since_death":8658,"minecraft:damage_resisted":39,"minecraft:climb_one_cm":3747,"minecraft:sprint_one_cm":322272,"minecraft:walk_one_cm":733464,"minecraft:damage_blocked_by_shield":5835,"minecraft:drop":83,"minecraft:talked_to_villager":4,"minecraft:play_time":244924,"minecraft:deaths":12,"minecraft:sneak_time":10805,"minecraft:walk_under_water_one_cm":14997,"minecraft:boat_one_cm":20,"minecraft:jump":3506,"minecraft:interact_with_brewingstand":1,"minecraft:walk_on_water_one_cm":22587,"minecraft:total_world_time":244924,"minecraft:interact_with_furnace":51,"minecraft:interact_with_cartography_table":1,"minecraft:interact_with_grindstone":1,"minecraft:sleep_in_bed":7,"minecraft:time_since_rest":8685,"minecraft:damage_taken":9596,"minecraft:damage_absorbed":242,"minecraft:damage_dealt":8752,"minecraft:player_kills":1,"minecraft:swim_one_cm":20225,"minecraft:fly_one_cm":633952,"minecraft:crouch_one_cm":26800,"minecraft:open_chest":37,"minecraft:fall_one_cm":91906},"minecraft:broken":{"minecraft:iron_chestplate":1,"minecraft:shield":2,"minecraft:iron_helmet":1},"minecraft:mined":{"minecraft:spruce_planks":49,"minecraft:white_bed":11,"minecraft:mossy_cobblestone":23,"minecraft:dark_oak_log":3,"gravestone:gravestone":12,"biomesoplenty:bush":1,"born_in_chaos_v1:black_argillite_brick_wall":1,"minecraft:spruce_fence":2,"minecraft:grass_block":83,"minecraft:spruce_leaves":17,"minecraft:spawner":2,"minecraft:large_fern":1,"minecraft:furnace":2,"minecraft:iron_ore":2,"biomesoplenty:violet":1,"minecraft:andesite":2,"minecraft:gold_block":2,"minecraft:dirt_path":15,"minecraft:purple_carpet":6,"minecraft:stone":194,"minecraft:iron_block":1,"minecraft:waxed_cut_copper_stairs":7,"minecraft:crafting_table":5,"minecraft:calcite":7,"born_in_chaos_v1:black_argillite_brick_n":1,"minecraft:tall_grass":2,"minecraft:cobblestone":14,"minecraft:oak_planks":5,"born_in_chaos_v1:black_argillite_brick_wall_n":1,"minecraft:wall_torch":3,"minecraft:chain":2,"minecraft:red_terracotta":5,"minecraft:dark_oak_slab":6,"minecraft:sweet_berry_bush":15,"minecraft:spruce_log":100,"minecraft:grass":82,"minecraft:oak_log":5,"minecraft:coal_ore":3,"minecraft:dirt":33,"minecraft:cobweb":10,"minecraft:stone_bricks":7,"minecraft:netherrack":9,"minecraft:oak_leaves":2,"minecraft:fern":3,"minecraft:dark_oak_planks":3,"minecraft:waxed_cut_copper_slab":6},"minecraft:killed_by":{"minecraft:husk":2,"minecraft:player":1},"minecraft:crafted":{"minecraft:oak_planks":20,"minecraft:cooked_chicken":4,"minecraft:furnace":4,"minecraft:spruce_fence":27,"minecraft:spruce_stairs":8,"mvw:iron_hammer":1,"minecraft:spruce_boat":1,"minecraft:dark_oak_planks":12,"minecraft:cooked_beef":3,"minecraft:cooked_porkchop":7,"minecraft:crafting_table":5,"minecraft:spruce_planks":372,"minecraft:iron_helmet":1,"minecraft:baked_potato":13,"alexsmobs:cooked_moose_ribs":3,"minecraft:spruce_door":3,"minecraft:bucket":2,"minecraft:dark_oak_button":14,"cfm:spruce_blinds":10,"minecraft:white_wool":4,"minecraft:golden_apple":1,"minecraft:shield":5,"minecraft:stick":60,"minecraft:iron_ingot":9,"minecraft:iron_shovel":1,"minecraft:gold_ingot":18,"minecraft:white_bed":1,"minecraft:spruce_fence_gate":2,"minecraft:torch":24,"mvw:iron_crossbow":1},"minecraft:picked_up":{"minecraft:birch_door":1,"minecraft:charcoal":6,"minecraft:iron_chestplate":1,"minecraft:crafting_table":5,"minecraft:chainmail_boots":1,"minecraft:chicken":4,"minecraft:diamond_sword":1,"minecraft:lead":1,"minecraft:gold_block":2,"minecraft:chain":2,"gravestone:obituary":4,"minecraft:shield":2,"minecraft:string":19,"minecraft:waxed_cut_copper_slab":6,"minecraft:iron_leggings":1,"minecraft:spruce_planks":46,"minecraft:beef":3,"minecraft:calcite":3,"minecraft:lectern":1,"minecraft:iron_boots":1,"minecraft:furnace":2,"minecraft:golden_helmet":2,"minecraft:tipped_arrow":11,"minecraft:stick":5,"minecraft:raw_iron":2,"minecraft:torch":5,"minecraft:spruce_fence":2,"minecraft:porkchop":11,"minecraft:dark_oak_planks":18,"minecraft:waxed_cut_copper_stairs":7,"minecraft:arrow":31,"minecraft:weeping_vines":1,"minecraft:iron_block":1,"gamma_beasts:coal_nugget":11,"minecraft:iron_bars":2,"mvw:iron_lance":1,"minecraft:cobblestone":219,"born_in_chaos_v1:corpse_maggot":1,"minecraft:magma_block":2,"minecraft:feather":6,"born_in_chaos_v1:monster_flesh":1,"minecraft:andesite":2,"mvw:iron_bow":1,"minecraft:salmon":7,"minecraft:leather":2,"alexsmobs:bison_fur":2,"minecraft:oak_log":5,"minecraft:golden_boots":1,"skilltree:gem":2,"minecraft:dirt":128,"minecraft:purple_carpet":6,"minecraft:bone":35,"minecraft:stone_bricks":13,"minecraft:wheat_seeds":12,"minecraft:iron_ingot":14,"minecraft:cooked_chicken":41,"minecraft:oak_planks":5,"minecraft:dark_oak_slab":8,"minecraft:cooked_porkchop":7,"minecraft:sweet_berries":42,"minecraft:chiseled_stone_bricks":2,"born_in_chaos_v1:ethereal_spirit":1,"minecraft:spruce_sapling":3,"minecraft:white_bed":12,"minecraft:spruce_log":98,"minecraft:dark_oak_log":3,"minecraft:red_terracotta":5,"minecraft:spider_eye":7,"minecraft:mossy_cobblestone":22,"travelersbackpack:standard":2,"minecraft:spruce_boat":2,"minecraft:iron_helmet":1,"mvw:iron_double_axe":1,"minecraft:crossbow":1,"minecraft:bone_meal":2,"minecraft:golden_apple":2,"alexsmobs:moose_ribs":5,"minecraft:bread":45,"minecraft:emerald":11,"alexsmobs:maggot":1,"minecraft:netherrack":2,"minecraft:coal":3}},"DataVersion":3465}