{"stats":{"minecraft:crafted":{"minecraft:dark_oak_button":14},"minecraft:used":{"minecraft:stone_pickaxe":66,"minecraft:red_terracotta":5,"minecraft:shield":9,"minecraft:iron_boots":1,"minecraft:stone_bricks":7,"minecraft:cooked_chicken":18,"minecraft:diamond_sword":40,"minecraft:iron_chestplate":1,"minecraft:chiseled_stone_bricks":2,"minecraft:cobblestone":43,"mvw:iron_double_axe":20,"travelersbackpack:standard":4,"minecraft:andesite":1,"minecraft:iron_leggings":1},"minecraft:picked_up":{"minecraft:birch_door":1,"minecraft:iron_chestplate":1,"minecraft:charcoal":6,"minecraft:chainmail_boots":1,"minecraft:andesite":2,"minecraft:chiseled_stone_bricks":2,"minecraft:diamond_sword":1,"minecraft:shield":1,"minecraft:spruce_log":1,"minecraft:red_terracotta":5,"minecraft:dirt":3,"minecraft:waxed_cut_copper_slab":6,"minecraft:dark_oak_planks":18,"minecraft:waxed_cut_copper_stairs":7,"minecraft:iron_leggings":1,"travelersbackpack:standard":1,"minecraft:bone":1,"minecraft:arrow":2,"minecraft:stone_bricks":7,"minecraft:iron_helmet":1,"minecraft:spruce_planks":8,"mvw:iron_double_axe":1,"minecraft:iron_ingot":14,"minecraft:cooked_chicken":41,"gamma_beasts:coal_nugget":11,"minecraft:calcite":3,"minecraft:bread":44,"minecraft:emerald":11,"minecraft:dark_oak_slab":4,"minecraft:iron_bars":2,"minecraft:cobblestone":43,"minecraft:iron_boots":1},"minecraft:killed":{"minecraft:skeleton":1},"minecraft:custom":{"minecraft:damage_taken":1424,"minecraft:sprint_one_cm":41826,"minecraft:walk_one_cm":80013,"minecraft:damage_blocked_by_shield":780,"minecraft:mob_kills":1,"minecraft:drop":10,"minecraft:damage_dealt":826,"minecraft:swim_one_cm":2230,"minecraft:fly_one_cm":71506,"minecraft:open_chest":3,"minecraft:crouch_one_cm":6390,"minecraft:play_time":40289,"minecraft:sneak_time":3768,"minecraft:walk_under_water_one_cm":861,"minecraft:damage_dealt_resisted":147,"minecraft:jump":419,"minecraft:time_since_death":40289,"minecraft:walk_on_water_one_cm":3532,"minecraft:total_world_time":40289,"minecraft:fall_one_cm":5071,"minecraft:time_since_rest":40289},"minecraft:dropped":{"minecraft:iron_ingot":14,"minecraft:bread":22,"minecraft:dirt":3,"alexsmobs:animal_dictionary":1,"gamma_beasts:coal_nugget":11,"minecraft:chainmail_boots":1,"minecraft:iron_bars":2,"minecraft:dark_oak_button":14,"minecraft:bone":1,"minecraft:emerald":11},"minecraft:mined":{"minecraft:waxed_cut_copper_slab":6,"minecraft:dark_oak_planks":3,"minecraft:red_terracotta":5,"minecraft:spruce_planks":8,"minecraft:dark_oak_slab":5,"minecraft:mossy_cobblestone":1,"minecraft:spruce_log":1,"minecraft:andesite":2,"minecraft:grass":1,"minecraft:calcite":7,"minecraft:tall_grass":1,"minecraft:cobblestone":3,"minecraft:stone_bricks":1,"minecraft:stone":34,"minecraft:waxed_cut_copper_stairs":7}},"DataVersion":3465}