{"stats":{"minecraft:used":{"minecraft:iron_shovel":24,"minecraft:spruce_planks":170,"minecraft:shield":93,"minecraft:cooked_chicken":42,"minecraft:iron_chestplate":1,"minecraft:torch":14,"minecraft:dirt":1,"mvw:iron_lance":2,"alexsmobs:moose_ribs":1,"minecraft:carrot":5,"minecraft:spruce_boat":2,"born_in_chaos_v1:corpse_maggot":1,"minecraft:iron_boots":1,"minecraft:stone_bricks":7,"minecraft:magma_block":2,"minecraft:bow":8,"minecraft:sweet_berries":38,"minecraft:furnace":6,"minecraft:cooked_beef":1,"minecraft:enchanted_golden_apple":1,"minecraft:iron_leggings":1,"minecraft:water_bucket":4,"minecraft:stone_pickaxe":84,"minecraft:baked_potato":7,"minecraft:salmon":1,"minecraft:golden_apple":2,"minecraft:crafting_table":10,"minecraft:crossbow":29,"minecraft:white_bed":10,"minecraft:cake":1,"minecraft:apple":3,"minecraft:bread":21,"minecraft:iron_pickaxe":171,"mvw:iron_crossbow":5,"minecraft:red_terracotta":5,"alexsmobs:cooked_moose_ribs":3,"minecraft:chiseled_stone_bricks":2,"mvw:iron_double_axe":124,"minecraft:diamond_sword":313,"minecraft:cobblestone":94,"minecraft:potion":1,"travelersbackpack:standard":14,"minecraft:cooked_porkchop":5,"minecraft:bucket":6,"minecraft:andesite":1},"minecraft:dropped":{"minecraft:golden_boots":1,"minecraft:iron_ingot":16,"minecraft:bread":34,"minecraft:wheat_seeds":1,"minecraft:golden_helmet":2,"minecraft:baked_potato":6,"minecraft:glass_bottle":1,"gamma_beasts:coal_nugget":11,"minecraft:cooked_porkchop":9,"minecraft:weeping_vines":1,"minecraft:feather":2,"minecraft:lead":1,"minecraft:leather":2,"minecraft:apple":2,"minecraft:dark_oak_button":14,"travelersbackpack:standard":1,"alexsmobs:bison_fur":2,"minecraft:emerald":11,"minecraft:dirt":9,"minecraft:iron_leggings":1,"minecraft:chain":2,"gravestone:obituary":11,"minecraft:bone_meal":2,"minecraft:dark_oak_planks":1,"minecraft:string":1,"minecraft:white_wool":1,"minecraft:spruce_sapling":3,"minecraft:bone":1,"minecraft:waxed_cut_copper_slab":5,"minecraft:sweet_berries":21,"minecraft:waxed_cut_copper_stairs":7,"alexsmobs:animal_dictionary":1,"mvw:iron_lance":1,"minecraft:iron_boots":1,"minecraft:white_bed":1,"born_in_chaos_v1:dark_upgrade":2,"minecraft:shield":3,"minecraft:birch_door":1,"minecraft:chainmail_boots":1,"alexsmobs:moose_ribs":1,"minecraft:spider_eye":6,"minecraft:stone_bricks":6,"minecraft:iron_bars":2,"minecraft:bow":1,"minecraft:calcite":2,"minecraft:netherrack":2,"minecraft:purple_carpet":6,"minecraft:water_bucket":1},"minecraft:killed":{"minecraft:cave_spider":2,"minecraft:spider":5,"alexsmobs:tasmanian_devil":1,"born_in_chaos_v1:baby_skeleton_minion":1,"minecraft:skeleton":2,"minecraft:chicken":3,"minecraft:wolf":1,"minecraft:husk":1,"born_in_chaos_v1:bonescaller":1,"minecraft:pig":5,"born_in_chaos_v1:bone_imp_minion":9,"minecraft:salmon":7,"minecraft:zombie":5,"born_in_chaos_v1:bonescaller_not_despawn":1,"minecraft:stray":6,"alexsmobs:moose":1},"minecraft:custom":{"minecraft:mob_kills":58,"minecraft:interact_with_crafting_table":36,"minecraft:open_barrel":2,"minecraft:damage_dealt_resisted":692,"minecraft:eat_cake_slice":3,"minecraft:leave_game":2,"minecraft:time_since_death":39795,"minecraft:climb_one_cm":3747,"minecraft:damage_resisted":39,"minecraft:sprint_one_cm":256518,"minecraft:walk_one_cm":625116,"minecraft:damage_blocked_by_shield":5835,"minecraft:drop":77,"minecraft:talked_to_villager":4,"minecraft:play_time":207045,"minecraft:deaths":8,"minecraft:sneak_time":9352,"minecraft:walk_under_water_one_cm":14997,"minecraft:boat_one_cm":20,"minecraft:jump":2993,"minecraft:interact_with_brewingstand":1,"minecraft:walk_on_water_one_cm":22587,"minecraft:total_world_time":207045,"minecraft:interact_with_furnace":50,"minecraft:interact_with_cartography_table":1,"minecraft:interact_with_grindstone":1,"minecraft:sleep_in_bed":7,"minecraft:time_since_rest":6409,"minecraft:damage_taken":8237,"minecraft:damage_absorbed":242,"minecraft:damage_dealt":8154,"minecraft:player_kills":1,"minecraft:fly_one_cm":522303,"minecraft:swim_one_cm":20225,"minecraft:open_chest":24,"minecraft:crouch_one_cm":21512,"minecraft:fall_one_cm":77706},"minecraft:broken":{"minecraft:shield":2,"minecraft:iron_helmet":1},"minecraft:killed_by":{"minecraft:husk":2,"minecraft:player":1},"minecraft:mined":{"minecraft:dark_oak_planks":3,"minecraft:waxed_cut_copper_slab":6,"minecraft:spruce_planks":23,"minecraft:white_bed":9,"minecraft:mossy_cobblestone":1,"minecraft:dark_oak_log":3,"gravestone:gravestone":7,"biomesoplenty:bush":1,"minecraft:grass_block":10,"born_in_chaos_v1:black_argillite_brick_wall":1,"minecraft:spruce_leaves":12,"minecraft:spawner":2,"minecraft:large_fern":1,"minecraft:furnace":2,"minecraft:iron_ore":2,"minecraft:andesite":2,"minecraft:gold_block":2,"minecraft:dirt_path":1,"minecraft:purple_carpet":6,"minecraft:stone":174,"minecraft:iron_block":1,"minecraft:waxed_cut_copper_stairs":7,"minecraft:crafting_table":5,"minecraft:calcite":7,"born_in_chaos_v1:black_argillite_brick_n":1,"minecraft:tall_grass":2,"minecraft:cobblestone":11,"minecraft:oak_planks":5,"born_in_chaos_v1:black_argillite_brick_wall_n":1,"minecraft:wall_torch":1,"minecraft:chain":2,"minecraft:red_terracotta":5,"minecraft:dark_oak_slab":6,"minecraft:sweet_berry_bush":15,"minecraft:spruce_log":51,"minecraft:coal_ore":3,"minecraft:grass":56,"minecraft:oak_log":5,"minecraft:dirt":25,"minecraft:cobweb":10,"minecraft:stone_bricks":7,"minecraft:netherrack":9,"minecraft:oak_leaves":2,"minecraft:fern":3},"minecraft:crafted":{"minecraft:oak_planks":20,"minecraft:cooked_chicken":4,"minecraft:furnace":4,"mvw:iron_hammer":1,"minecraft:spruce_boat":1,"minecraft:dark_oak_planks":12,"minecraft:cooked_beef":3,"minecraft:cooked_porkchop":7,"minecraft:crafting_table":5,"minecraft:spruce_planks":252,"minecraft:iron_helmet":1,"minecraft:baked_potato":13,"alexsmobs:cooked_moose_ribs":3,"minecraft:bucket":2,"minecraft:dark_oak_button":14,"minecraft:white_wool":4,"minecraft:golden_apple":1,"minecraft:shield":5,"minecraft:stick":20,"minecraft:iron_ingot":9,"minecraft:iron_shovel":1,"minecraft:gold_ingot":18,"minecraft:white_bed":1,"minecraft:torch":24,"mvw:iron_crossbow":1},"minecraft:picked_up":{"minecraft:iron_chestplate":1,"minecraft:charcoal":6,"minecraft:birch_door":1,"minecraft:chainmail_boots":1,"minecraft:chicken":4,"minecraft:lead":1,"minecraft:diamond_sword":1,"minecraft:gold_block":2,"gravestone:obituary":4,"minecraft:chain":2,"minecraft:shield":2,"minecraft:string":17,"minecraft:waxed_cut_copper_slab":6,"minecraft:iron_leggings":1,"minecraft:spruce_planks":19,"minecraft:beef":3,"minecraft:calcite":3,"minecraft:lectern":1,"minecraft:furnace":2,"minecraft:iron_boots":1,"minecraft:tipped_arrow":11,"minecraft:golden_helmet":2,"minecraft:stick":5,"minecraft:raw_iron":2,"minecraft:torch":2,"minecraft:porkchop":11,"minecraft:dark_oak_planks":18,"minecraft:waxed_cut_copper_stairs":7,"minecraft:arrow":31,"minecraft:weeping_vines":1,"minecraft:iron_block":1,"gamma_beasts:coal_nugget":11,"mvw:iron_lance":1,"minecraft:iron_bars":2,"minecraft:cobblestone":196,"born_in_chaos_v1:corpse_maggot":1,"minecraft:magma_block":2,"minecraft:feather":6,"mvw:iron_bow":1,"minecraft:salmon":7,"minecraft:andesite":2,"minecraft:leather":2,"alexsmobs:bison_fur":2,"minecraft:oak_log":5,"minecraft:golden_boots":1,"skilltree:gem":2,"minecraft:dirt":37,"minecraft:purple_carpet":6,"minecraft:bone":34,"minecraft:stone_bricks":13,"minecraft:wheat_seeds":10,"minecraft:iron_ingot":14,"minecraft:cooked_chicken":41,"minecraft:oak_planks":5,"minecraft:dark_oak_slab":8,"minecraft:cooked_porkchop":7,"minecraft:sweet_berries":42,"minecraft:chiseled_stone_bricks":2,"minecraft:spruce_sapling":3,"minecraft:white_bed":10,"minecraft:spruce_log":50,"minecraft:red_terracotta":5,"minecraft:dark_oak_log":3,"minecraft:spider_eye":6,"travelersbackpack:standard":2,"minecraft:spruce_boat":2,"mvw:iron_double_axe":1,"minecraft:iron_helmet":1,"minecraft:crossbow":1,"minecraft:bone_meal":2,"minecraft:golden_apple":2,"alexsmobs:moose_ribs":5,"minecraft:bread":45,"minecraft:emerald":11,"alexsmobs:maggot":1,"minecraft:netherrack":2,"minecraft:coal":3,"minecraft:crafting_table":5}},"DataVersion":3465}