{"stats":{"minecraft:killed_by":{"minecraft:husk":2},"minecraft:crafted":{"minecraft:spruce_planks":60,"minecraft:dark_oak_button":14},"minecraft:used":{"minecraft:stone_pickaxe":67,"minecraft:spruce_planks":31,"minecraft:shield":22,"minecraft:cooked_chicken":25,"minecraft:iron_chestplate":1,"minecraft:cake":1,"minecraft:red_terracotta":5,"minecraft:iron_boots":1,"minecraft:stone_bricks":7,"minecraft:chiseled_stone_bricks":2,"mvw:iron_double_axe":35,"minecraft:diamond_sword":52,"minecraft:cobblestone":43,"travelersbackpack:standard":11,"minecraft:andesite":1,"minecraft:iron_leggings":1},"minecraft:picked_up":{"minecraft:charcoal":6,"minecraft:iron_chestplate":1,"minecraft:birch_door":1,"minecraft:chainmail_boots":1,"minecraft:andesite":2,"minecraft:diamond_sword":1,"gravestone:obituary":2,"minecraft:shield":1,"minecraft:dirt":3,"minecraft:waxed_cut_copper_slab":6,"minecraft:iron_leggings":1,"minecraft:bone":1,"minecraft:stone_bricks":7,"minecraft:spruce_planks":8,"minecraft:iron_ingot":14,"minecraft:cooked_chicken":41,"minecraft:calcite":3,"minecraft:iron_boots":1,"minecraft:dark_oak_slab":4,"minecraft:chiseled_stone_bricks":2,"minecraft:spruce_log":15,"minecraft:red_terracotta":5,"minecraft:dark_oak_planks":18,"minecraft:waxed_cut_copper_stairs":7,"travelersbackpack:standard":2,"minecraft:arrow":2,"mvw:iron_double_axe":1,"minecraft:iron_helmet":1,"minecraft:emerald":11,"gamma_beasts:coal_nugget":11,"minecraft:bread":44,"minecraft:iron_bars":2,"minecraft:cobblestone":43},"minecraft:killed":{"minecraft:husk":1,"minecraft:spider":1,"minecraft:skeleton":1},"minecraft:custom":{"minecraft:mob_kills":3,"minecraft:damage_dealt_resisted":147,"minecraft:eat_cake_slice":1,"minecraft:time_since_death":8140,"minecraft:time_since_rest":8168,"minecraft:sprint_one_cm":56742,"minecraft:damage_taken":3327,"minecraft:walk_one_cm":130169,"minecraft:damage_blocked_by_shield":1950,"minecraft:drop":19,"minecraft:damage_dealt":1358,"minecraft:swim_one_cm":2230,"minecraft:fly_one_cm":107783,"minecraft:open_chest":3,"minecraft:crouch_one_cm":8011,"minecraft:play_time":52289,"minecraft:deaths":4,"minecraft:sneak_time":4287,"minecraft:walk_under_water_one_cm":861,"minecraft:jump":656,"minecraft:walk_on_water_one_cm":3532,"minecraft:total_world_time":52289,"minecraft:fall_one_cm":20990},"minecraft:dropped":{"minecraft:bread":22,"minecraft:iron_ingot":14,"minecraft:waxed_cut_copper_stairs":7,"alexsmobs:animal_dictionary":1,"gamma_beasts:coal_nugget":11,"minecraft:dark_oak_button":14,"travelersbackpack:standard":1,"minecraft:emerald":11,"minecraft:dirt":3,"minecraft:birch_door":1,"minecraft:chainmail_boots":1,"gravestone:obituary":4,"minecraft:iron_bars":2,"minecraft:calcite":2,"minecraft:bone":1,"minecraft:waxed_cut_copper_slab":5},"minecraft:mined":{"minecraft:waxed_cut_copper_stairs":7,"minecraft:dark_oak_planks":3,"minecraft:waxed_cut_copper_slab":6,"minecraft:spruce_planks":8,"minecraft:mossy_cobblestone":1,"gravestone:gravestone":3,"minecraft:grass_block":1,"minecraft:calcite":7,"minecraft:tall_grass":2,"minecraft:cobblestone":3,"minecraft:red_terracotta":5,"minecraft:dark_oak_slab":5,"minecraft:spruce_log":15,"minecraft:andesite":2,"minecraft:grass":3,"minecraft:dirt":1,"minecraft:stone":34,"minecraft:stone_bricks":1}},"DataVersion":3465}