{"stats":{"minecraft:used":{"minecraft:spruce_planks":59,"minecraft:shield":59,"minecraft:cooked_chicken":40,"minecraft:iron_chestplate":1,"minecraft:torch":8,"minecraft:dirt":1,"minecraft:carrot":5,"minecraft:iron_boots":1,"minecraft:stone_bricks":7,"minecraft:furnace":1,"minecraft:iron_leggings":1,"minecraft:stone_pickaxe":84,"minecraft:baked_potato":2,"minecraft:salmon":1,"minecraft:golden_apple":1,"minecraft:crafting_table":3,"minecraft:crossbow":10,"minecraft:white_bed":1,"minecraft:cake":1,"minecraft:apple":3,"minecraft:bread":14,"minecraft:iron_pickaxe":10,"minecraft:red_terracotta":5,"minecraft:chiseled_stone_bricks":2,"mvw:iron_double_axe":69,"minecraft:diamond_sword":225,"minecraft:cobblestone":49,"travelersbackpack:standard":12,"minecraft:cooked_porkchop":3,"minecraft:andesite":1},"minecraft:dropped":{"minecraft:golden_boots":1,"minecraft:iron_ingot":16,"minecraft:bread":30,"minecraft:wheat_seeds":1,"minecraft:golden_helmet":1,"gamma_beasts:coal_nugget":11,"minecraft:weeping_vines":1,"minecraft:apple":2,"minecraft:dark_oak_button":14,"travelersbackpack:standard":1,"alexsmobs:bison_fur":2,"minecraft:emerald":11,"minecraft:dirt":3,"gravestone:obituary":7,"minecraft:spruce_sapling":2,"minecraft:bone":1,"minecraft:waxed_cut_copper_slab":5,"minecraft:waxed_cut_copper_stairs":7,"alexsmobs:animal_dictionary":1,"minecraft:shield":2,"minecraft:birch_door":1,"minecraft:chainmail_boots":1,"minecraft:stone_bricks":6,"minecraft:iron_bars":2,"minecraft:calcite":2},"minecraft:killed":{"minecraft:cave_spider":2,"minecraft:spider":5,"alexsmobs:tasmanian_devil":1,"born_in_chaos_v1:baby_skeleton_minion":1,"minecraft:skeleton":1,"minecraft:wolf":1,"minecraft:husk":1,"born_in_chaos_v1:bonescaller":1,"minecraft:pig":2,"born_in_chaos_v1:bone_imp_minion":4,"minecraft:salmon":1,"minecraft:zombie":4,"born_in_chaos_v1:bonescaller_not_despawn":1,"minecraft:stray":6},"minecraft:custom":{"minecraft:mob_kills":35,"minecraft:interact_with_crafting_table":6,"minecraft:open_barrel":2,"minecraft:damage_dealt_resisted":692,"minecraft:eat_cake_slice":3,"minecraft:leave_game":2,"minecraft:time_since_death":3394,"minecraft:climb_one_cm":2703,"minecraft:sprint_one_cm":137243,"minecraft:walk_one_cm":394770,"minecraft:damage_blocked_by_shield":4065,"minecraft:drop":37,"minecraft:play_time":117045,"minecraft:deaths":7,"minecraft:sneak_time":6266,"minecraft:walk_under_water_one_cm":6684,"minecraft:jump":1507,"minecraft:interact_with_brewingstand":1,"minecraft:walk_on_water_one_cm":6453,"minecraft:total_world_time":117045,"minecraft:interact_with_furnace":10,"minecraft:time_since_rest":3420,"minecraft:damage_taken":6634,"minecraft:damage_absorbed":40,"minecraft:damage_dealt":6423,"minecraft:player_kills":1,"minecraft:fly_one_cm":255358,"minecraft:swim_one_cm":2230,"minecraft:open_chest":17,"minecraft:crouch_one_cm":13131,"minecraft:fall_one_cm":39039},"minecraft:broken":{"minecraft:shield":1},"minecraft:killed_by":{"minecraft:husk":2,"minecraft:player":1},"minecraft:mined":{"minecraft:dark_oak_planks":3,"minecraft:waxed_cut_copper_slab":6,"minecraft:spruce_planks":17,"minecraft:mossy_cobblestone":1,"minecraft:dark_oak_log":3,"gravestone:gravestone":6,"minecraft:grass_block":2,"born_in_chaos_v1:black_argillite_brick_wall":1,"minecraft:spruce_leaves":12,"minecraft:spawner":2,"minecraft:large_fern":1,"minecraft:andesite":2,"minecraft:stone":44,"minecraft:iron_block":1,"minecraft:waxed_cut_copper_stairs":7,"minecraft:crafting_table":1,"minecraft:calcite":7,"born_in_chaos_v1:black_argillite_brick_n":1,"minecraft:tall_grass":2,"minecraft:cobblestone":4,"born_in_chaos_v1:black_argillite_brick_wall_n":1,"minecraft:chain":2,"minecraft:red_terracotta":5,"minecraft:dark_oak_slab":6,"minecraft:spruce_log":15,"minecraft:grass":8,"minecraft:oak_log":5,"minecraft:dirt":1,"minecraft:cobweb":10,"minecraft:stone_bricks":7,"minecraft:fern":2},"minecraft:crafted":{"minecraft:oak_planks":20,"minecraft:furnace":1,"minecraft:dark_oak_planks":12,"minecraft:cooked_porkchop":1,"minecraft:crafting_table":2,"minecraft:spruce_planks":60,"minecraft:baked_potato":2,"minecraft:dark_oak_button":14,"minecraft:white_wool":4,"minecraft:shield":3,"minecraft:stick":20,"minecraft:iron_ingot":9,"minecraft:white_bed":1,"minecraft:torch":24},"minecraft:picked_up":{"minecraft:iron_chestplate":1,"minecraft:charcoal":6,"minecraft:birch_door":1,"minecraft:chainmail_boots":1,"minecraft:diamond_sword":1,"gravestone:obituary":3,"minecraft:chain":2,"minecraft:shield":2,"minecraft:string":17,"minecraft:waxed_cut_copper_slab":6,"minecraft:iron_leggings":1,"minecraft:spruce_planks":13,"minecraft:calcite":3,"minecraft:iron_boots":1,"minecraft:tipped_arrow":8,"minecraft:golden_helmet":2,"minecraft:porkchop":5,"minecraft:dark_oak_planks":18,"minecraft:waxed_cut_copper_stairs":7,"minecraft:arrow":31,"minecraft:weeping_vines":1,"minecraft:iron_block":1,"gamma_beasts:coal_nugget":11,"minecraft:iron_bars":2,"minecraft:cobblestone":57,"minecraft:salmon":1,"minecraft:andesite":2,"alexsmobs:bison_fur":2,"minecraft:oak_log":5,"minecraft:golden_boots":1,"minecraft:dirt":4,"minecraft:bone":25,"minecraft:stone_bricks":13,"minecraft:wheat_seeds":1,"minecraft:iron_ingot":14,"minecraft:cooked_chicken":41,"minecraft:dark_oak_slab":8,"minecraft:cooked_porkchop":2,"minecraft:chiseled_stone_bricks":2,"minecraft:spruce_sapling":2,"minecraft:spruce_log":15,"minecraft:red_terracotta":5,"minecraft:dark_oak_log":3,"minecraft:spider_eye":6,"travelersbackpack:standard":2,"mvw:iron_double_axe":1,"minecraft:iron_helmet":1,"minecraft:crossbow":1,"minecraft:golden_apple":1,"minecraft:bread":44,"minecraft:emerald":11,"minecraft:crafting_table":1}},"DataVersion":3465}