{"stats":{"minecraft:used":{"minecraft:stone_pickaxe":84,"minecraft:baked_potato":2,"minecraft:spruce_planks":58,"minecraft:shield":55,"minecraft:cooked_chicken":40,"minecraft:iron_chestplate":1,"minecraft:torch":8,"minecraft:golden_apple":1,"minecraft:dirt":1,"minecraft:crafting_table":3,"minecraft:white_bed":1,"minecraft:carrot":5,"minecraft:crossbow":10,"minecraft:cake":1,"minecraft:apple":3,"minecraft:bread":14,"minecraft:iron_pickaxe":8,"minecraft:red_terracotta":5,"minecraft:iron_boots":1,"minecraft:stone_bricks":7,"minecraft:chiseled_stone_bricks":2,"minecraft:diamond_sword":205,"mvw:iron_double_axe":69,"minecraft:cobblestone":48,"travelersbackpack:standard":12,"minecraft:cooked_porkchop":3,"minecraft:furnace":1,"minecraft:andesite":1,"minecraft:iron_leggings":1},"minecraft:dropped":{"minecraft:iron_ingot":16,"minecraft:bread":30,"minecraft:waxed_cut_copper_stairs":7,"minecraft:wheat_seeds":1,"minecraft:golden_helmet":1,"alexsmobs:animal_dictionary":1,"gamma_beasts:coal_nugget":11,"minecraft:weeping_vines":1,"minecraft:apple":2,"minecraft:dark_oak_button":14,"travelersbackpack:standard":1,"alexsmobs:bison_fur":2,"minecraft:emerald":11,"minecraft:dirt":3,"minecraft:shield":2,"minecraft:birch_door":1,"minecraft:chainmail_boots":1,"minecraft:stone_bricks":6,"gravestone:obituary":7,"minecraft:iron_bars":2,"minecraft:calcite":2,"minecraft:golden_boots":1,"minecraft:spruce_sapling":1,"minecraft:bone":1,"minecraft:waxed_cut_copper_slab":5},"minecraft:killed":{"minecraft:wolf":1,"minecraft:cave_spider":2,"minecraft:husk":1,"born_in_chaos_v1:bonescaller":1,"minecraft:pig":2,"born_in_chaos_v1:bone_imp_minion":3,"minecraft:spider":5,"alexsmobs:tasmanian_devil":1,"born_in_chaos_v1:baby_skeleton_minion":1,"minecraft:skeleton":1,"minecraft:zombie":3,"born_in_chaos_v1:bonescaller_not_despawn":1,"minecraft:stray":6},"minecraft:custom":{"minecraft:interact_with_furnace":10,"minecraft:mob_kills":32,"minecraft:open_barrel":2,"minecraft:interact_with_crafting_table":5,"minecraft:damage_dealt_resisted":616,"minecraft:eat_cake_slice":3,"minecraft:leave_game":2,"minecraft:time_since_death":22378,"minecraft:climb_one_cm":1863,"minecraft:time_since_rest":22413,"minecraft:damage_absorbed":40,"minecraft:sprint_one_cm":129684,"minecraft:damage_taken":6116,"minecraft:walk_one_cm":336336,"minecraft:damage_blocked_by_shield":3840,"minecraft:drop":36,"minecraft:damage_dealt":5729,"minecraft:swim_one_cm":2230,"minecraft:fly_one_cm":250866,"minecraft:open_chest":15,"minecraft:crouch_one_cm":12100,"minecraft:play_time":105045,"minecraft:deaths":5,"minecraft:sneak_time":5769,"minecraft:walk_under_water_one_cm":861,"minecraft:jump":1426,"minecraft:walk_on_water_one_cm":3532,"minecraft:total_world_time":105045,"minecraft:fall_one_cm":38493},"minecraft:broken":{"minecraft:shield":1},"minecraft:killed_by":{"minecraft:husk":2},"minecraft:mined":{"minecraft:waxed_cut_copper_stairs":7,"minecraft:dark_oak_planks":3,"minecraft:waxed_cut_copper_slab":6,"minecraft:spruce_planks":17,"minecraft:mossy_cobblestone":1,"minecraft:dark_oak_log":3,"minecraft:crafting_table":1,"gravestone:gravestone":4,"born_in_chaos_v1:black_argillite_brick_wall":1,"minecraft:grass_block":2,"minecraft:calcite":7,"minecraft:tall_grass":2,"minecraft:cobblestone":4,"minecraft:spruce_leaves":12,"minecraft:spawner":2,"minecraft:large_fern":1,"minecraft:chain":2,"minecraft:red_terracotta":5,"minecraft:dark_oak_slab":6,"minecraft:spruce_log":15,"minecraft:andesite":2,"minecraft:grass":8,"minecraft:oak_log":5,"minecraft:dirt":1,"minecraft:cobweb":10,"minecraft:stone":44,"minecraft:stone_bricks":7,"minecraft:iron_block":1,"minecraft:fern":2},"minecraft:crafted":{"minecraft:oak_planks":20,"minecraft:cooked_porkchop":1,"minecraft:crafting_table":2,"minecraft:spruce_planks":60,"minecraft:baked_potato":2,"minecraft:furnace":1,"minecraft:dark_oak_button":14,"minecraft:white_wool":4,"minecraft:shield":3,"minecraft:stick":20,"minecraft:iron_ingot":9,"minecraft:white_bed":1,"minecraft:dark_oak_planks":12,"minecraft:torch":24},"minecraft:picked_up":{"minecraft:birch_door":1,"minecraft:charcoal":6,"minecraft:iron_chestplate":1,"minecraft:chainmail_boots":1,"minecraft:andesite":2,"minecraft:diamond_sword":1,"alexsmobs:bison_fur":2,"minecraft:chain":2,"minecraft:oak_log":5,"gravestone:obituary":3,"minecraft:golden_boots":1,"minecraft:shield":2,"minecraft:dirt":4,"minecraft:string":17,"minecraft:waxed_cut_copper_slab":6,"minecraft:iron_leggings":1,"minecraft:bone":25,"minecraft:stone_bricks":13,"minecraft:wheat_seeds":1,"minecraft:spruce_planks":13,"minecraft:iron_ingot":14,"minecraft:cooked_chicken":41,"minecraft:calcite":3,"minecraft:iron_boots":1,"minecraft:golden_helmet":2,"minecraft:tipped_arrow":8,"minecraft:dark_oak_slab":8,"minecraft:cooked_porkchop":2,"minecraft:chiseled_stone_bricks":2,"minecraft:porkchop":5,"minecraft:spruce_sapling":2,"minecraft:spruce_log":15,"minecraft:dark_oak_log":3,"minecraft:red_terracotta":5,"minecraft:spider_eye":6,"minecraft:dark_oak_planks":18,"minecraft:waxed_cut_copper_stairs":7,"minecraft:weeping_vines":1,"travelersbackpack:standard":2,"minecraft:arrow":31,"minecraft:iron_block":1,"minecraft:iron_helmet":1,"mvw:iron_double_axe":1,"minecraft:crossbow":1,"minecraft:golden_apple":1,"minecraft:emerald":11,"gamma_beasts:coal_nugget":11,"minecraft:bread":44,"minecraft:iron_bars":2,"minecraft:crafting_table":1,"minecraft:cobblestone":57}},"DataVersion":3465}