{"stats":{"minecraft:crafted":{"minecraft:cooked_beef":3,"minecraft:oak_planks":20,"minecraft:crafting_table":2,"minecraft:furnace":3,"minecraft:stone_axe":1,"minecraft:charcoal":2,"minecraft:shield":1,"minecraft:stick":16,"minecraft:stone_pickaxe":1,"minecraft:torch":8},"minecraft:used":{"minecraft:stone_pickaxe":108,"minecraft:polished_andesite":1,"minecraft:shield":7,"gamma_beasts:green_apple":8,"minecraft:torch":8,"minecraft:dirt":11,"minecraft:crafting_table":6,"minecraft:carrot":10,"minecraft:stone_axe":106,"minecraft:golden_sword":32,"minecraft:cobblestone":51,"born_in_chaos_v1:rotten_fish":1,"minecraft:furnace":3,"alexsmobs:animal_dictionary":1,"minecraft:oak_boat":1,"minecraft:cooked_beef":5,"minecraft:golden_pickaxe":32,"minecraft:smooth_stone":1},"minecraft:picked_up":{"born_in_chaos_v1:corpse_maggot":2,"minecraft:crafting_table":4,"minecraft:feather":3,"minecraft:cooked_beef":2,"minecraft:chicken":4,"minecraft:golden_carrot":4,"minecraft:leather":4,"biomesoplenty:orange_autumn_sapling":5,"born_in_chaos_v1:black_argillite_brick_wall":1,"gamma_beasts:green_apple":8,"minecraft:oak_log":7,"gamma_beasts:oak_leaf":1,"minecraft:golden_sword":1,"minecraft:dirt":15,"skilltree:gem":2,"minecraft:string":1,"minecraft:bone":2,"born_in_chaos_v1:black_argillite_brick":1,"minecraft:wheat_seeds":10,"minecraft:smooth_stone":1,"minecraft:beef":5,"minecraft:oak_boat":1,"minecraft:poppy":1,"alexsmobs:raccoon_tail":1,"minecraft:oak_planks":59,"minecraft:furnace":1,"biomesoplenty:toadstool":1,"minecraft:stick":5,"minecraft:raw_iron":2,"minecraft:pumpkin":6,"minecraft:torch":1,"minecraft:spruce_sapling":2,"born_in_chaos_v1:black_argillite_brick_stairs":4,"minecraft:dark_oak_log":13,"minecraft:spider_eye":1,"minecraft:polished_andesite":1,"minecraft:rotten_flesh":2,"gamma_beasts:coal_nugget":1,"born_in_chaos_v1:rotten_fish":4,"minecraft:mutton":2,"minecraft:coal":3,"minecraft:white_wool":2,"minecraft:cobblestone":98},"minecraft:killed":{"alexsmobs:raccoon":1,"minecraft:creeper":1,"born_in_chaos_v1:decrepit_skeleton":1,"born_in_chaos_v1:maggot":1,"minecraft:sheep":2,"minecraft:zombie":4,"born_in_chaos_v1:corpse_fly":2,"minecraft:chicken":4,"born_in_chaos_v1:corpse_fish":3,"minecraft:cow":2},"minecraft:broken":{"minecraft:golden_sword":1,"minecraft:stone_axe":1,"minecraft:golden_pickaxe":1},"minecraft:custom":{"minecraft:interact_with_furnace":16,"minecraft:mob_kills":21,"minecraft:interact_with_crafting_table":14,"minecraft:open_barrel":14,"minecraft:damage_dealt_resisted":6,"minecraft:leave_game":4,"minecraft:time_since_death":2288,"minecraft:time_since_rest":2320,"minecraft:sprint_one_cm":86976,"minecraft:damage_taken":1055,"minecraft:walk_one_cm":162397,"minecraft:damage_blocked_by_shield":270,"minecraft:drop":18,"minecraft:damage_dealt":2604,"minecraft:swim_one_cm":5488,"minecraft:fly_one_cm":106201,"minecraft:open_chest":12,"minecraft:play_time":61984,"minecraft:crouch_one_cm":8086,"minecraft:deaths":1,"minecraft:sneak_time":2780,"minecraft:walk_under_water_one_cm":4729,"minecraft:boat_one_cm":20,"minecraft:jump":810,"minecraft:walk_on_water_one_cm":15829,"minecraft:total_world_time":61984,"minecraft:fall_one_cm":23895},"minecraft:dropped":{"biomesoplenty:toadstool":1,"born_in_chaos_v1:black_argillite_brick_stairs":4,"gamma_beasts:coal_nugget":1,"born_in_chaos_v1:rotten_fish":3,"minecraft:cobblestone":15,"minecraft:rotten_flesh":2,"biomesoplenty:orange_autumn_sapling":5,"minecraft:poppy":1,"minecraft:dirt":4,"born_in_chaos_v1:corpse_maggot":2,"skilltree:gem":1,"minecraft:spider_eye":1,"born_in_chaos_v1:black_argillite_brick":1,"minecraft:white_wool":2},"minecraft:mined":{"biomesoplenty:orange_autumn_leaves":1,"gamma_beasts:roble_hoja_1":1,"minecraft:dark_oak_log":13,"gamma_beasts:roblo_hoja":1,"minecraft:crafting_table":4,"minecraft:grass_block":4,"born_in_chaos_v1:black_argillite_brick_wall":1,"minecraft:poppy":1,"minecraft:tall_grass":14,"minecraft:cobblestone":2,"minecraft:spruce_leaves":1,"biomesoplenty:tundra_shrub":6,"minecraft:wall_torch":1,"minecraft:smooth_stone":1,"minecraft:furnace":2,"biomesoplenty:toadstool":1,"minecraft:iron_ore":2,"minecraft:fire":1,"born_in_chaos_v1:black_argillite_brick_stairs":5,"minecraft:pumpkin":6,"born_in_chaos_v1:black_argillite_brick":2,"minecraft:bell":1,"minecraft:grass":80,"minecraft:oak_log":7,"minecraft:coal_ore":3,"minecraft:lantern":1,"minecraft:dirt":9,"minecraft:stone":100,"minecraft:polished_andesite":1,"minecraft:spruce_slab":1}},"DataVersion":3465}