{"stats":{"minecraft:crafted":{"minecraft:oak_planks":20,"minecraft:charcoal":2,"minecraft:crafting_table":2,"minecraft:stick":16,"minecraft:stone_pickaxe":1,"minecraft:furnace":1,"minecraft:torch":8,"minecraft:stone_axe":1},"minecraft:used":{"minecraft:stone_pickaxe":72,"gamma_beasts:green_apple":2,"minecraft:stone_axe":24,"minecraft:torch":1,"minecraft:golden_sword":1,"minecraft:cobblestone":20,"minecraft:crafting_table":2,"minecraft:furnace":1,"alexsmobs:animal_dictionary":1,"minecraft:golden_pickaxe":32},"minecraft:picked_up":{"minecraft:stick":2,"minecraft:crafting_table":1,"minecraft:golden_carrot":4,"minecraft:pumpkin":6,"gamma_beasts:green_apple":3,"minecraft:oak_log":7,"gamma_beasts:oak_leaf":1,"minecraft:spruce_sapling":2,"minecraft:golden_sword":1,"skilltree:gem":1,"minecraft:dirt":5,"minecraft:wheat_seeds":9,"gamma_beasts:coal_nugget":1,"minecraft:coal":3,"minecraft:oak_planks":59,"minecraft:cobblestone":91},"minecraft:killed":{"minecraft:zombie":1,"minecraft:creeper":1},"minecraft:broken":{"minecraft:golden_pickaxe":1},"minecraft:custom":{"minecraft:time_since_rest":23866,"minecraft:interact_with_furnace":7,"minecraft:sprint_one_cm":26319,"minecraft:damage_taken":20,"minecraft:walk_one_cm":43882,"minecraft:mob_kills":2,"minecraft:drop":2,"minecraft:damage_dealt":347,"minecraft:swim_one_cm":1609,"minecraft:interact_with_crafting_table":5,"minecraft:fly_one_cm":31793,"minecraft:open_chest":3,"minecraft:crouch_one_cm":1519,"minecraft:play_time":23866,"minecraft:sneak_time":422,"minecraft:walk_under_water_one_cm":1065,"minecraft:jump":209,"minecraft:walk_on_water_one_cm":3578,"minecraft:leave_game":1,"minecraft:time_since_death":23866,"minecraft:total_world_time":23866,"minecraft:fall_one_cm":6664},"minecraft:dropped":{"skilltree:gem":1,"minecraft:cobblestone":15},"minecraft:mined":{"gamma_beasts:roble_hoja_1":1,"gamma_beasts:roblo_hoja":1,"minecraft:pumpkin":6,"minecraft:crafting_table":1,"minecraft:grass":64,"minecraft:grass_block":1,"minecraft:coal_ore":3,"minecraft:oak_log":7,"minecraft:dirt":5,"minecraft:tall_grass":10,"minecraft:stone":96}},"DataVersion":3465}