{"stats":{"minecraft:crafted":{"minecraft:oak_planks":20,"minecraft:leather_boots":1,"minecraft:cooked_chicken":1,"minecraft:furnace":4,"minecraft:cooked_mutton":4,"minecraft:iron_axe":1,"born_in_chaos_v1:fried_maggot":4,"minecraft:stone_pickaxe":5,"minecraft:chest":1,"minecraft:cooked_beef":3,"minecraft:crafting_table":5,"minecraft:baked_potato":2,"minecraft:stone_axe":1,"minecraft:bread":3,"minecraft:charcoal":2,"minecraft:shield":1,"minecraft:stick":16,"minecraft:stone_sword":1,"minecraft:torch":28},"minecraft:used":{"minecraft:stone_sword":25,"gamma_beasts:green_apple":8,"minecraft:shield":8,"minecraft:iron_sword":6,"born_in_chaos_v1:fried_maggot":1,"minecraft:cooked_chicken":4,"minecraft:torch":39,"minecraft:dirt":11,"minecraft:carrot":10,"minecraft:golden_chestplate":1,"born_in_chaos_v1:smoked_flesh":2,"minecraft:iron_axe":5,"minecraft:polished_andesite_stairs":1,"minecraft:golden_sword":32,"minecraft:golden_carrot":2,"minecraft:furnace":5,"minecraft:egg":1,"minecraft:cooked_beef":5,"minecraft:cooked_mutton":3,"minecraft:stone_pickaxe":401,"minecraft:polished_andesite":2,"minecraft:baked_potato":2,"minecraft:oak_planks":7,"minecraft:mossy_cobblestone":1,"minecraft:crafting_table":9,"travelersbackpack:white_sleeping_bag":1,"minecraft:stone_axe":106,"minecraft:diamond_sword":68,"minecraft:cobblestone":129,"born_in_chaos_v1:rotten_fish":1,"travelersbackpack:standard":2,"minecraft:chain":2,"minecraft:smooth_stone_slab":3,"minecraft:oak_boat":1,"alexsmobs:animal_dictionary":1,"minecraft:golden_pickaxe":32,"minecraft:smooth_stone":10},"minecraft:picked_up":{"minecraft:crafting_table":4,"minecraft:coarse_dirt":6,"minecraft:chicken":4,"biomesoplenty:orange_autumn_sapling":5,"born_in_chaos_v1:black_argillite_brick_wall":1,"minecraft:brewing_stand":1,"minecraft:stone_brick_stairs":1,"minecraft:chain":2,"minecraft:golden_sword":1,"minecraft:string":2,"minecraft:smooth_stone_slab":10,"born_in_chaos_v1:black_argillite_brick":1,"minecraft:zombie_head":1,"minecraft:candle":4,"skilltree:golden_ring":1,"minecraft:smooth_stone":14,"minecraft:beef":5,"minecraft:oak_boat":1,"minecraft:cobblestone_slab":1,"minecraft:poppy":1,"alexsmobs:raccoon_tail":1,"minecraft:furnace":1,"minecraft:egg":1,"minecraft:stick":5,"minecraft:raw_iron":2,"minecraft:torch":3,"born_in_chaos_v1:black_argillite_brick_stairs":4,"minecraft:golden_chestplate":2,"born_in_chaos_v1:fried_maggot":1,"minecraft:rotten_flesh":5,"minecraft:cyan_terracotta":19,"gamma_beasts:coal_nugget":1,"supplementaries:ash":2,"minecraft:mutton":2,"minecraft:white_wool":2,"minecraft:cobblestone":239,"born_in_chaos_v1:corpse_maggot":4,"skilltree:simple_necklace":1,"minecraft:feather":3,"minecraft:cooked_beef":2,"minecraft:golden_carrot":4,"minecraft:leather":4,"minecraft:oak_log":7,"gamma_beasts:green_apple":8,"gamma_beasts:oak_leaf":1,"skilltree:gem":6,"minecraft:dirt":15,"minecraft:bone":24,"minecraft:wheat_seeds":10,"minecraft:iron_ingot":1,"born_in_chaos_v1:smoked_flesh":2,"minecraft:cooked_chicken":3,"minecraft:iron_sword":1,"minecraft:oak_planks":59,"biomesoplenty:toadstool":1,"minecraft:polished_andesite_stairs":8,"minecraft:pumpkin":6,"minecraft:stone_brick_slab":4,"minecraft:spruce_sapling":2,"minecraft:dark_oak_log":13,"minecraft:spider_eye":1,"minecraft:mossy_cobblestone":18,"travelersbackpack:white_sleeping_bag":1,"travelersbackpack:standard":1,"minecraft:polished_andesite":10,"minecraft:mossy_cobblestone_stairs":2,"born_in_chaos_v1:rotten_fish":6,"minecraft:coal":3},"minecraft:killed":{"alexsmobs:raccoon":1,"born_in_chaos_v1:maggot":1,"minecraft:skeleton":10,"minecraft:chicken":4,"born_in_chaos_v1:corpse_fish":3,"minecraft:creeper":1,"born_in_chaos_v1:decrepit_skeleton":1,"minecraft:sheep":2,"minecraft:zombie":9,"born_in_chaos_v1:corpse_fly":4,"minecraft:cow":2},"minecraft:broken":{"minecraft:stone_pickaxe":3,"minecraft:golden_sword":1,"minecraft:stone_axe":1,"minecraft:golden_pickaxe":1},"minecraft:custom":{"minecraft:interact_with_smithing_table":5,"minecraft:mob_kills":42,"minecraft:interact_with_crafting_table":36,"minecraft:open_barrel":15,"minecraft:damage_dealt_resisted":26,"minecraft:leave_game":6,"minecraft:time_since_death":42259,"minecraft:climb_one_cm":28,"minecraft:sprint_one_cm":195363,"minecraft:walk_one_cm":423988,"minecraft:damage_blocked_by_shield":315,"minecraft:drop":49,"minecraft:play_time":154908,"minecraft:deaths":5,"minecraft:sneak_time":10706,"minecraft:walk_under_water_one_cm":16215,"minecraft:boat_one_cm":20,"minecraft:jump":1400,"minecraft:walk_on_water_one_cm":43397,"minecraft:total_world_time":154908,"minecraft:interact_with_furnace":39,"minecraft:sleep_in_bed":2,"minecraft:time_since_rest":17189,"minecraft:damage_taken":3042,"minecraft:damage_dealt":5620,"minecraft:swim_one_cm":141452,"minecraft:fly_one_cm":188355,"minecraft:open_chest":49,"minecraft:crouch_one_cm":34289,"minecraft:fall_one_cm":30781},"minecraft:dropped":{"minecraft:bread":1,"minecraft:iron_sword":1,"born_in_chaos_v1:fried_maggot":3,"minecraft:mossy_cobblestone":6,"gamma_beasts:coal_nugget":1,"minecraft:cobblestone":15,"travelersbackpack:standard":2,"minecraft:polished_andesite":1,"minecraft:emerald":1,"minecraft:cyan_terracotta":1,"minecraft:dirt":4,"minecraft:golden_carrot":2,"skilltree:gem":4,"gravestone:obituary":3,"born_in_chaos_v1:black_argillite_brick":1,"minecraft:mossy_cobblestone_stairs":1,"minecraft:smooth_stone":1,"minecraft:white_wool":2,"biomesoplenty:toadstool":1,"born_in_chaos_v1:black_argillite_brick_stairs":4,"minecraft:golden_chestplate":1,"minecraft:coarse_dirt":1,"minecraft:smooth_stone_slab":3,"born_in_chaos_v1:rotten_fish":4,"minecraft:rotten_flesh":5,"biomesoplenty:orange_autumn_sapling":5,"minecraft:cooked_mutton":1,"minecraft:diamond_sword":1,"minecraft:poppy":1,"born_in_chaos_v1:corpse_maggot":2,"minecraft:chest":1,"minecraft:spider_eye":1,"minecraft:stone_pickaxe":1},"minecraft:mined":{"biomesoplenty:orange_autumn_leaves":1,"gamma_beasts:roble_hoja_1":1,"minecraft:mossy_cobblestone":20,"minecraft:candle":1,"minecraft:cobblestone_stairs":1,"minecraft:dark_oak_log":13,"gamma_beasts:roblo_hoja":1,"minecraft:brewing_stand":1,"gravestone:gravestone":5,"minecraft:grass_block":4,"born_in_chaos_v1:black_argillite_brick_wall":1,"minecraft:spruce_leaves":1,"biomesoplenty:tundra_shrub":6,"minecraft:spawner":4,"minecraft:smooth_stone":20,"minecraft:furnace":2,"minecraft:mossy_cobblestone_stairs":1,"biomesoplenty:toadstool":1,"minecraft:iron_ore":2,"minecraft:fire":1,"born_in_chaos_v1:black_argillite_brick_stairs":5,"minecraft:pumpkin":6,"minecraft:bell":1,"minecraft:cobblestone_slab":1,"minecraft:lantern":1,"minecraft:green_candle":1,"minecraft:stone":133,"minecraft:spruce_slab":1,"minecraft:cyan_terracotta":19,"minecraft:stone_brick_slab":2,"minecraft:crafting_table":4,"minecraft:poppy":1,"minecraft:polished_andesite_stairs":12,"minecraft:tall_grass":14,"minecraft:cobblestone":136,"minecraft:wall_torch":5,"minecraft:chain":2,"minecraft:coarse_dirt":6,"born_in_chaos_v1:black_argillite_brick":2,"minecraft:smooth_stone_slab":13,"minecraft:grass":80,"minecraft:oak_log":7,"minecraft:coal_ore":3,"minecraft:zombie_head":1,"minecraft:dirt":9,"minecraft:polished_andesite":13}},"DataVersion":3465}