{"stats":{"minecraft:used":{"minecraft:stone_sword":25,"minecraft:carved_pumpkin":1,"minecraft:spruce_planks":18,"gamma_beasts:green_apple":8,"minecraft:iron_sword":6,"minecraft:shield":68,"born_in_chaos_v1:fried_maggot":2,"minecraft:cooked_chicken":9,"minecraft:torch":64,"minecraft:dirt":16,"biomesoplenty:umbran_log":8,"minecraft:carrot":14,"minecraft:golden_chestplate":1,"minecraft:snowball":13,"born_in_chaos_v1:corpse_maggot":5,"alexsmobs:maggot":1,"born_in_chaos_v1:smoked_flesh":2,"minecraft:lava_bucket":1,"minecraft:iron_axe":45,"minecraft:polished_andesite_stairs":1,"minecraft:golden_sword":32,"minecraft:golden_carrot":2,"minecraft:furnace":7,"minecraft:potato":4,"minecraft:egg":1,"minecraft:cooked_beef":5,"minecraft:cooked_mutton":5,"minecraft:water_bucket":1,"minecraft:baked_potato":2,"minecraft:stone_pickaxe":503,"minecraft:polished_andesite":2,"minecraft:oak_planks":7,"minecraft:mossy_cobblestone":1,"minecraft:crafting_table":12,"biomesoplenty:umbran_planks":4,"minecraft:bread":4,"minecraft:iron_pickaxe":100,"travelersbackpack:white_sleeping_bag":1,"alexsmobs:cooked_moose_ribs":2,"minecraft:stone_axe":106,"minecraft:diamond_sword":252,"minecraft:cobblestone":237,"born_in_chaos_v1:rotten_fish":1,"travelersbackpack:standard":2,"minecraft:cooked_porkchop":6,"minecraft:bucket":3,"minecraft:chain":2,"minecraft:smooth_stone_slab":3,"minecraft:oak_boat":2,"alexsmobs:animal_dictionary":1,"minecraft:golden_pickaxe":32,"minecraft:smooth_stone":10,"minecraft:experience_bottle":1},"minecraft:dropped":{"minecraft:bread":2,"minecraft:iron_sword":1,"minecraft:candle":4,"minecraft:wheat_seeds":4,"gamma_beasts:prehnite_armor_helmet":1,"born_in_chaos_v1:fried_maggot":3,"minecraft:mossy_cobblestone":6,"gamma_beasts:coal_nugget":4,"minecraft:cooked_porkchop":6,"minecraft:crossbow":1,"minecraft:cobblestone":15,"travelersbackpack:standard":2,"minecraft:emerald":1,"minecraft:polished_andesite":1,"minecraft:cyan_terracotta":2,"born_in_chaos_v1:monster_flesh":2,"minecraft:dirt":5,"minecraft:brewing_stand":2,"minecraft:golden_carrot":2,"minecraft:dark_oak_fence":2,"skilltree:gem":9,"born_in_chaos_v1:fused_bone":2,"minecraft:snowball":28,"gravestone:obituary":11,"minecraft:wither_rose":1,"minecraft:bone_meal":26,"born_in_chaos_v1:black_argillite_brick":1,"minecraft:mossy_cobblestone_stairs":2,"minecraft:smooth_stone":1,"minecraft:string":4,"minecraft:white_wool":2,"biomesoplenty:toadstool":1,"born_in_chaos_v1:black_argillite_brick_stairs":4,"minecraft:cooked_chicken":4,"minecraft:golden_chestplate":1,"minecraft:coarse_dirt":2,"minecraft:smooth_stone_slab":3,"born_in_chaos_v1:rotten_fish":5,"minecraft:rotten_flesh":5,"biomesoplenty:orange_autumn_sapling":5,"minecraft:name_tag":2,"minecraft:cooked_mutton":9,"minecraft:diamond_sword":1,"minecraft:poppy":1,"gamma_beasts:prehnite_armor_chestplate":1,"supplementaries:ash":4,"minecraft:potato":2,"born_in_chaos_v1:corpse_maggot":2,"minecraft:chest":1,"minecraft:spider_eye":1,"minecraft:stone_pickaxe":3},"minecraft:killed":{"alexsmobs:raccoon":1,"minecraft:spider":1,"alexsmobs:shoebill":1,"born_in_chaos_v1:maggot":3,"minecraft:skeleton":11,"minecraft:chicken":10,"born_in_chaos_v1:corpse_fish":3,"minecraft:wolf":3,"minecraft:pig":5,"minecraft:frog":1,"minecraft:creeper":2,"born_in_chaos_v1:decrepit_skeleton":2,"minecraft:sheep":7,"minecraft:pillager":7,"minecraft:zombie":15,"born_in_chaos_v1:dread_hound":2,"alexsmobs:moose":1,"born_in_chaos_v1:corpse_fly":5,"minecraft:cow":2},"minecraft:custom":{"minecraft:interact_with_smithing_table":5,"minecraft:mob_kills":98,"minecraft:interact_with_crafting_table":52,"minecraft:open_barrel":15,"minecraft:damage_dealt_resisted":36,"minecraft:leave_game":9,"minecraft:time_since_death":2033,"minecraft:climb_one_cm":19738,"minecraft:sprint_one_cm":367390,"minecraft:walk_one_cm":737470,"minecraft:damage_blocked_by_shield":3264,"minecraft:drop":130,"minecraft:play_time":274108,"minecraft:sneak_time":13811,"minecraft:deaths":12,"minecraft:walk_under_water_one_cm":26620,"minecraft:boat_one_cm":40,"minecraft:jump":3421,"minecraft:walk_on_water_one_cm":53036,"minecraft:total_world_time":274108,"minecraft:interact_with_furnace":66,"minecraft:sleep_in_bed":2,"minecraft:time_since_rest":2059,"minecraft:damage_taken":6100,"minecraft:damage_dealt":13296,"minecraft:swim_one_cm":213652,"minecraft:fly_one_cm":553548,"minecraft:open_chest":53,"minecraft:crouch_one_cm":44735,"minecraft:fall_one_cm":74226},"minecraft:broken":{"minecraft:stone_pickaxe":3,"minecraft:shield":1,"minecraft:golden_sword":1,"minecraft:leather_boots":1,"minecraft:stone_axe":1,"minecraft:golden_pickaxe":1},"minecraft:mined":{"biomesoplenty:orange_autumn_leaves":7,"gamma_beasts:roble_hoja_1":1,"minecraft:mossy_cobblestone":20,"minecraft:candle":1,"minecraft:cobblestone_stairs":1,"minecraft:dark_oak_log":13,"gamma_beasts:roblo_hoja":1,"minecraft:brewing_stand":1,"minecraft:carved_pumpkin":1,"gravestone:gravestone":12,"biomesoplenty:umbran_planks":4,"born_in_chaos_v1:black_argillite_brick_wall":1,"minecraft:grass_block":8,"minecraft:spruce_leaves":1,"biomesoplenty:tundra_shrub":7,"minecraft:spawner":4,"minecraft:large_fern":1,"minecraft:smooth_stone":20,"minecraft:furnace":2,"minecraft:mossy_cobblestone_stairs":1,"biomesoplenty:toadstool":1,"minecraft:iron_ore":41,"minecraft:fire":1,"born_in_chaos_v1:black_argillite_brick_stairs":5,"gamma_beasts:prehnite_ore":13,"minecraft:pumpkin":6,"minecraft:bell":1,"minecraft:cobblestone_slab":1,"minecraft:lantern":1,"minecraft:green_candle":1,"minecraft:stone":248,"minecraft:spruce_slab":1,"minecraft:brown_mushroom":1,"minecraft:cyan_terracotta":19,"minecraft:stone_brick_slab":2,"minecraft:crafting_table":4,"minecraft:poppy":1,"minecraft:polished_andesite_stairs":12,"minecraft:tall_grass":14,"minecraft:cobblestone":153,"minecraft:wall_torch":5,"minecraft:chain":2,"minecraft:coarse_dirt":6,"minecraft:spruce_log":6,"born_in_chaos_v1:black_argillite_brick":2,"biomesoplenty:umbran_log":20,"minecraft:wither_rose":1,"minecraft:smooth_stone_slab":13,"minecraft:grass":87,"minecraft:oak_log":7,"minecraft:coal_ore":11,"minecraft:zombie_head":1,"minecraft:gravel":1,"minecraft:dirt":11,"minecraft:polished_andesite":13,"minecraft:gold_ore":8,"minecraft:fern":16},"minecraft:crafted":{"minecraft:oak_planks":20,"minecraft:leather_boots":1,"minecraft:cooked_chicken":1,"minecraft:furnace":6,"gamma_beasts:prehnite_armor_chestplate":1,"minecraft:cooked_mutton":4,"minecraft:iron_boots":1,"minecraft:iron_axe":1,"born_in_chaos_v1:fried_maggot":4,"minecraft:stone_pickaxe":5,"minecraft:chest":1,"gamma_beasts:prehnite_armor_helmet":1,"minecraft:dark_oak_planks":52,"minecraft:cooked_beef":3,"minecraft:cooked_porkchop":2,"minecraft:crafting_table":8,"minecraft:spruce_planks":20,"minecraft:iron_helmet":1,"minecraft:baked_potato":2,"minecraft:stone_axe":1,"minecraft:bread":3,"minecraft:charcoal":2,"minecraft:shield":3,"minecraft:stick":28,"minecraft:iron_pickaxe":1,"minecraft:iron_ingot":43,"minecraft:gold_ingot":5,"minecraft:stone_sword":1,"minecraft:torch":84},"minecraft:picked_up":{"minecraft:coarse_dirt":6,"minecraft:crafting_table":4,"minecraft:chicken":4,"biomesoplenty:orange_autumn_sapling":6,"born_in_chaos_v1:black_argillite_brick_wall":1,"minecraft:wither_rose":1,"minecraft:stone_brick_stairs":1,"minecraft:chain":2,"gravestone:obituary":2,"minecraft:brewing_stand":2,"minecraft:golden_sword":1,"minecraft:string":4,"minecraft:smooth_stone_slab":10,"born_in_chaos_v1:black_argillite_brick":1,"minecraft:zombie_head":1,"minecraft:candle":4,"skilltree:golden_ring":2,"minecraft:smooth_stone":14,"alexsmobs:cooked_moose_ribs":2,"minecraft:beef":5,"minecraft:oak_boat":2,"minecraft:cobblestone_slab":1,"minecraft:poppy":1,"alexsmobs:raccoon_tail":1,"minecraft:furnace":1,"minecraft:egg":1,"minecraft:stick":5,"minecraft:raw_iron":40,"biomesoplenty:umbran_planks":4,"minecraft:torch":6,"minecraft:porkchop":2,"born_in_chaos_v1:black_argillite_brick_stairs":4,"minecraft:golden_chestplate":2,"born_in_chaos_v1:fried_maggot":1,"minecraft:rotten_flesh":5,"minecraft:carved_pumpkin":1,"minecraft:cyan_terracotta":20,"gamma_beasts:coal_nugget":4,"supplementaries:ash":4,"minecraft:mutton":2,"minecraft:snowball":41,"minecraft:white_wool":9,"minecraft:cobblestone":361,"born_in_chaos_v1:fused_bone":2,"born_in_chaos_v1:corpse_maggot":9,"skilltree:simple_necklace":1,"minecraft:feather":3,"minecraft:cooked_beef":2,"minecraft:golden_carrot":4,"born_in_chaos_v1:monster_flesh":2,"minecraft:leather":4,"minecraft:potato":2,"gamma_beasts:prehnite":13,"minecraft:oak_log":7,"gamma_beasts:green_apple":8,"gamma_beasts:oak_leaf":1,"skilltree:gem":11,"minecraft:dirt":21,"minecraft:white_banner":1,"minecraft:name_tag":1,"minecraft:cooked_mutton":10,"minecraft:bone":25,"minecraft:wheat_seeds":14,"minecraft:raw_gold":8,"minecraft:iron_ingot":1,"born_in_chaos_v1:smoked_flesh":2,"minecraft:stone_pickaxe":1,"minecraft:cooked_chicken":12,"minecraft:iron_sword":1,"minecraft:oak_planks":59,"biomesoplenty:umbran_log":19,"biomesoplenty:toadstool":1,"minecraft:polished_andesite_stairs":8,"minecraft:cooked_porkchop":10,"minecraft:pumpkin":6,"minecraft:stone_brick_slab":4,"minecraft:spruce_sapling":3,"minecraft:spruce_log":5,"minecraft:dark_oak_log":13,"minecraft:spider_eye":1,"minecraft:mossy_cobblestone":18,"travelersbackpack:white_sleeping_bag":1,"travelersbackpack:standard":1,"minecraft:polished_andesite":10,"minecraft:crossbow":3,"minecraft:mossy_cobblestone_stairs":2,"minecraft:bread":3,"alexsmobs:maggot":1,"born_in_chaos_v1:rotten_fish":7,"minecraft:dark_oak_fence":2,"minecraft:coal":11}},"DataVersion":3465}