{"stats":{"minecraft:crafted":{"minecraft:cooked_beef":3,"minecraft:oak_planks":20,"minecraft:crafting_table":2,"minecraft:furnace":2,"minecraft:stone_axe":1,"minecraft:charcoal":2,"minecraft:stick":16,"minecraft:stone_pickaxe":1,"minecraft:torch":8},"minecraft:used":{"minecraft:stone_pickaxe":88,"gamma_beasts:green_apple":8,"minecraft:torch":5,"minecraft:dirt":8,"minecraft:crafting_table":3,"minecraft:stone_axe":56,"minecraft:golden_sword":1,"minecraft:cobblestone":27,"minecraft:furnace":2,"alexsmobs:animal_dictionary":1,"minecraft:golden_pickaxe":32},"minecraft:picked_up":{"minecraft:crafting_table":2,"minecraft:feather":3,"minecraft:cooked_beef":2,"minecraft:chicken":4,"minecraft:golden_carrot":4,"minecraft:leather":4,"biomesoplenty:orange_autumn_sapling":1,"minecraft:oak_log":7,"gamma_beasts:green_apple":8,"gamma_beasts:oak_leaf":1,"minecraft:golden_sword":1,"skilltree:gem":1,"minecraft:dirt":10,"minecraft:wheat_seeds":9,"minecraft:beef":5,"alexsmobs:raccoon_tail":1,"minecraft:oak_planks":59,"biomesoplenty:toadstool":1,"minecraft:stick":5,"minecraft:raw_iron":2,"minecraft:pumpkin":6,"minecraft:torch":1,"minecraft:spruce_sapling":2,"minecraft:dark_oak_log":13,"gamma_beasts:coal_nugget":1,"minecraft:coal":3,"minecraft:mutton":2,"minecraft:white_wool":2,"minecraft:cobblestone":94},"minecraft:killed":{"alexsmobs:raccoon":1,"minecraft:creeper":1,"minecraft:sheep":2,"minecraft:zombie":1,"minecraft:chicken":4,"minecraft:cow":2},"minecraft:broken":{"minecraft:golden_pickaxe":1},"minecraft:custom":{"minecraft:interact_with_furnace":15,"minecraft:mob_kills":11,"minecraft:interact_with_crafting_table":8,"minecraft:leave_game":2,"minecraft:time_since_death":35618,"minecraft:time_since_rest":35618,"minecraft:sprint_one_cm":63959,"minecraft:damage_taken":210,"minecraft:walk_one_cm":85388,"minecraft:drop":3,"minecraft:damage_dealt":957,"minecraft:swim_one_cm":1609,"minecraft:fly_one_cm":74262,"minecraft:open_chest":3,"minecraft:crouch_one_cm":1729,"minecraft:play_time":35618,"minecraft:sneak_time":586,"minecraft:walk_under_water_one_cm":1276,"minecraft:jump":471,"minecraft:walk_on_water_one_cm":7394,"minecraft:total_world_time":35618,"minecraft:fall_one_cm":14747},"minecraft:dropped":{"biomesoplenty:toadstool":1,"minecraft:cobblestone":15,"skilltree:gem":1},"minecraft:mined":{"biomesoplenty:orange_autumn_leaves":1,"gamma_beasts:roble_hoja_1":1,"minecraft:dark_oak_log":13,"gamma_beasts:roblo_hoja":1,"minecraft:crafting_table":2,"minecraft:grass_block":3,"minecraft:tall_grass":14,"minecraft:spruce_leaves":1,"minecraft:wall_torch":1,"minecraft:furnace":1,"biomesoplenty:toadstool":1,"minecraft:iron_ore":2,"minecraft:fire":1,"minecraft:pumpkin":6,"minecraft:grass":71,"minecraft:oak_log":7,"minecraft:coal_ore":3,"minecraft:dirt":7,"minecraft:stone":100}},"DataVersion":3465}