{"stats":{"minecraft:crafted":{"minecraft:cooked_beef":3,"minecraft:oak_planks":20,"minecraft:crafting_table":2,"minecraft:furnace":3,"minecraft:stone_axe":1,"minecraft:charcoal":2,"minecraft:stick":16,"minecraft:stone_pickaxe":1,"minecraft:torch":8},"minecraft:used":{"minecraft:stone_pickaxe":93,"gamma_beasts:green_apple":8,"minecraft:torch":7,"minecraft:dirt":8,"minecraft:crafting_table":5,"minecraft:stone_axe":106,"minecraft:golden_sword":2,"minecraft:cobblestone":27,"born_in_chaos_v1:rotten_fish":1,"minecraft:furnace":3,"alexsmobs:animal_dictionary":1,"minecraft:cooked_beef":3,"minecraft:golden_pickaxe":32},"minecraft:picked_up":{"minecraft:crafting_table":4,"minecraft:feather":3,"minecraft:cooked_beef":2,"minecraft:chicken":4,"minecraft:golden_carrot":4,"minecraft:leather":4,"biomesoplenty:orange_autumn_sapling":2,"minecraft:oak_log":7,"gamma_beasts:green_apple":8,"gamma_beasts:oak_leaf":1,"minecraft:golden_sword":1,"skilltree:gem":1,"minecraft:dirt":10,"minecraft:wheat_seeds":10,"minecraft:beef":5,"minecraft:poppy":1,"alexsmobs:raccoon_tail":1,"minecraft:oak_planks":59,"minecraft:furnace":1,"biomesoplenty:toadstool":1,"minecraft:stick":5,"minecraft:raw_iron":2,"minecraft:pumpkin":6,"minecraft:torch":1,"minecraft:spruce_sapling":2,"minecraft:dark_oak_log":13,"gamma_beasts:coal_nugget":1,"born_in_chaos_v1:rotten_fish":4,"minecraft:coal":3,"minecraft:mutton":2,"minecraft:white_wool":2,"minecraft:cobblestone":94},"minecraft:killed":{"alexsmobs:raccoon":1,"minecraft:creeper":1,"minecraft:sheep":2,"minecraft:zombie":1,"born_in_chaos_v1:corpse_fly":1,"minecraft:chicken":4,"born_in_chaos_v1:corpse_fish":3,"minecraft:cow":2},"minecraft:broken":{"minecraft:stone_axe":1,"minecraft:golden_pickaxe":1},"minecraft:custom":{"minecraft:interact_with_furnace":16,"minecraft:mob_kills":15,"minecraft:interact_with_crafting_table":10,"minecraft:open_barrel":5,"minecraft:damage_dealt_resisted":6,"minecraft:leave_game":2,"minecraft:time_since_death":47618,"minecraft:time_since_rest":47618,"minecraft:sprint_one_cm":84024,"minecraft:damage_taken":440,"minecraft:walk_one_cm":125225,"minecraft:drop":5,"minecraft:damage_dealt":1847,"minecraft:swim_one_cm":5488,"minecraft:fly_one_cm":103854,"minecraft:open_chest":8,"minecraft:crouch_one_cm":3028,"minecraft:play_time":47618,"minecraft:sneak_time":861,"minecraft:walk_under_water_one_cm":2584,"minecraft:boat_one_cm":20,"minecraft:jump":668,"minecraft:walk_on_water_one_cm":13387,"minecraft:total_world_time":47618,"minecraft:fall_one_cm":19496},"minecraft:dropped":{"biomesoplenty:toadstool":1,"born_in_chaos_v1:rotten_fish":3,"minecraft:cobblestone":15,"minecraft:dirt":2,"skilltree:gem":1},"minecraft:mined":{"biomesoplenty:orange_autumn_leaves":1,"gamma_beasts:roble_hoja_1":1,"minecraft:dark_oak_log":13,"gamma_beasts:roblo_hoja":1,"minecraft:crafting_table":4,"minecraft:grass_block":3,"minecraft:poppy":1,"minecraft:tall_grass":14,"minecraft:spruce_leaves":1,"biomesoplenty:tundra_shrub":6,"minecraft:wall_torch":1,"minecraft:furnace":2,"biomesoplenty:toadstool":1,"minecraft:iron_ore":2,"minecraft:fire":1,"minecraft:pumpkin":6,"minecraft:grass":80,"minecraft:oak_log":7,"minecraft:coal_ore":3,"minecraft:dirt":7,"minecraft:stone":100}},"DataVersion":3465}