{"stats":{"minecraft:crafted":{"minecraft:oak_planks":20,"minecraft:crafting_table":1},"minecraft:used":{"minecraft:golden_sword":1,"alexsmobs:animal_dictionary":1,"minecraft:golden_pickaxe":7},"minecraft:picked_up":{"minecraft:golden_carrot":4,"minecraft:oak_log":7,"minecraft:golden_sword":1,"minecraft:cobblestone":6},"minecraft:custom":{"minecraft:time_since_rest":11866,"minecraft:open_chest":3,"minecraft:sprint_one_cm":2886,"minecraft:play_time":11866,"minecraft:walk_one_cm":4178,"minecraft:walk_under_water_one_cm":109,"minecraft:jump":34,"minecraft:damage_dealt":24,"minecraft:time_since_death":11866,"minecraft:leave_game":1,"minecraft:walk_on_water_one_cm":1242,"minecraft:total_world_time":11866,"minecraft:fall_one_cm":1486,"minecraft:fly_one_cm":4830},"minecraft:mined":{"minecraft:oak_log":7,"minecraft:stone":7}},"DataVersion":3465}