{"stats":{"minecraft:crafted":{"minecraft:cooked_beef":3,"minecraft:oak_planks":20,"minecraft:leather_boots":1,"minecraft:crafting_table":2,"minecraft:furnace":3,"minecraft:stone_axe":1,"minecraft:charcoal":2,"minecraft:shield":1,"minecraft:iron_axe":1,"minecraft:stick":16,"minecraft:stone_pickaxe":2,"minecraft:stone_sword":1,"minecraft:torch":28},"minecraft:used":{"minecraft:stone_sword":25,"minecraft:stone_pickaxe":230,"minecraft:polished_andesite":2,"gamma_beasts:green_apple":8,"minecraft:shield":7,"minecraft:iron_sword":3,"minecraft:torch":18,"minecraft:mossy_cobblestone":1,"minecraft:dirt":11,"minecraft:crafting_table":6,"minecraft:carrot":10,"minecraft:golden_chestplate":1,"born_in_chaos_v1:smoked_flesh":2,"minecraft:iron_axe":5,"minecraft:polished_andesite_stairs":1,"travelersbackpack:white_sleeping_bag":1,"minecraft:stone_axe":106,"minecraft:golden_sword":32,"minecraft:cobblestone":73,"born_in_chaos_v1:rotten_fish":1,"minecraft:furnace":3,"minecraft:oak_boat":1,"alexsmobs:animal_dictionary":1,"minecraft:smooth_stone_slab":3,"minecraft:egg":1,"minecraft:cooked_beef":5,"minecraft:golden_pickaxe":32,"minecraft:smooth_stone":10},"minecraft:picked_up":{"born_in_chaos_v1:corpse_maggot":2,"minecraft:crafting_table":4,"skilltree:simple_necklace":1,"minecraft:feather":3,"minecraft:cooked_beef":2,"minecraft:chicken":4,"minecraft:golden_carrot":4,"minecraft:leather":4,"biomesoplenty:orange_autumn_sapling":5,"born_in_chaos_v1:black_argillite_brick_wall":1,"minecraft:oak_log":7,"gamma_beasts:green_apple":8,"gamma_beasts:oak_leaf":1,"minecraft:golden_sword":1,"skilltree:gem":6,"minecraft:string":1,"minecraft:dirt":15,"minecraft:smooth_stone_slab":6,"minecraft:bone":2,"born_in_chaos_v1:black_argillite_brick":1,"minecraft:wheat_seeds":10,"skilltree:golden_ring":1,"minecraft:smooth_stone":11,"minecraft:iron_ingot":1,"minecraft:beef":5,"born_in_chaos_v1:smoked_flesh":2,"minecraft:oak_boat":1,"minecraft:poppy":1,"alexsmobs:raccoon_tail":1,"minecraft:iron_sword":1,"minecraft:oak_planks":59,"minecraft:furnace":1,"minecraft:egg":1,"biomesoplenty:toadstool":1,"minecraft:polished_andesite_stairs":7,"minecraft:stick":5,"minecraft:raw_iron":2,"minecraft:pumpkin":6,"minecraft:torch":2,"minecraft:spruce_sapling":2,"born_in_chaos_v1:black_argillite_brick_stairs":4,"minecraft:dark_oak_log":13,"minecraft:spider_eye":1,"minecraft:golden_chestplate":1,"minecraft:mossy_cobblestone":4,"travelersbackpack:white_sleeping_bag":1,"minecraft:polished_andesite":2,"minecraft:rotten_flesh":5,"minecraft:cyan_terracotta":14,"gamma_beasts:coal_nugget":1,"born_in_chaos_v1:rotten_fish":6,"minecraft:mutton":2,"minecraft:coal":3,"minecraft:white_wool":2,"minecraft:cobblestone":165},"minecraft:killed":{"alexsmobs:raccoon":1,"minecraft:creeper":1,"born_in_chaos_v1:decrepit_skeleton":1,"born_in_chaos_v1:maggot":1,"minecraft:sheep":2,"minecraft:zombie":6,"minecraft:chicken":4,"born_in_chaos_v1:corpse_fly":2,"born_in_chaos_v1:corpse_fish":3,"minecraft:cow":2},"minecraft:broken":{"minecraft:stone_pickaxe":1,"minecraft:golden_sword":1,"minecraft:stone_axe":1,"minecraft:golden_pickaxe":1},"minecraft:custom":{"minecraft:interact_with_smithing_table":1,"minecraft:interact_with_furnace":16,"minecraft:mob_kills":23,"minecraft:interact_with_crafting_table":22,"minecraft:open_barrel":14,"minecraft:damage_dealt_resisted":6,"minecraft:leave_game":5,"minecraft:time_since_death":3630,"minecraft:sleep_in_bed":1,"minecraft:time_since_rest":3663,"minecraft:sprint_one_cm":122172,"minecraft:damage_taken":1598,"minecraft:walk_one_cm":226188,"minecraft:damage_blocked_by_shield":270,"minecraft:drop":28,"minecraft:damage_dealt":3284,"minecraft:swim_one_cm":66309,"minecraft:fly_one_cm":152492,"minecraft:open_chest":15,"minecraft:play_time":89146,"minecraft:crouch_one_cm":19106,"minecraft:deaths":3,"minecraft:sneak_time":6263,"minecraft:walk_under_water_one_cm":11747,"minecraft:boat_one_cm":20,"minecraft:jump":1084,"minecraft:walk_on_water_one_cm":32235,"minecraft:total_world_time":89146,"minecraft:fall_one_cm":28648},"minecraft:dropped":{"biomesoplenty:toadstool":1,"minecraft:iron_sword":1,"born_in_chaos_v1:black_argillite_brick_stairs":4,"gamma_beasts:coal_nugget":1,"born_in_chaos_v1:rotten_fish":4,"minecraft:rotten_flesh":5,"minecraft:cobblestone":15,"biomesoplenty:orange_autumn_sapling":5,"minecraft:emerald":1,"minecraft:poppy":1,"minecraft:dirt":4,"born_in_chaos_v1:corpse_maggot":2,"skilltree:gem":4,"gravestone:obituary":1,"minecraft:spider_eye":1,"born_in_chaos_v1:black_argillite_brick":1,"minecraft:white_wool":2},"minecraft:mined":{"biomesoplenty:orange_autumn_leaves":1,"gamma_beasts:roble_hoja_1":1,"minecraft:cyan_terracotta":14,"minecraft:mossy_cobblestone":5,"minecraft:dark_oak_log":13,"gamma_beasts:roblo_hoja":1,"minecraft:crafting_table":4,"gravestone:gravestone":3,"minecraft:polished_andesite_stairs":6,"minecraft:grass_block":4,"born_in_chaos_v1:black_argillite_brick_wall":1,"minecraft:poppy":1,"minecraft:tall_grass":14,"minecraft:cobblestone":67,"minecraft:spruce_leaves":1,"minecraft:wall_torch":3,"biomesoplenty:tundra_shrub":6,"minecraft:spawner":1,"minecraft:smooth_stone":15,"minecraft:furnace":2,"biomesoplenty:toadstool":1,"minecraft:iron_ore":2,"minecraft:fire":1,"born_in_chaos_v1:black_argillite_brick_stairs":5,"minecraft:pumpkin":6,"born_in_chaos_v1:black_argillite_brick":2,"minecraft:smooth_stone_slab":7,"minecraft:bell":1,"minecraft:grass":80,"minecraft:coal_ore":3,"minecraft:oak_log":7,"minecraft:lantern":1,"minecraft:dirt":9,"minecraft:stone":105,"minecraft:polished_andesite":2,"minecraft:spruce_slab":1}},"DataVersion":3465}